/*
SQLyog Professional
MySQL - 8.0.30 : Database - sipendikar
*********************************************************************
*/

/*!40101 SET NAMES utf8 */;

/*!40101 SET SQL_MODE=''*/;

/*!40014 SET @OLD_UNIQUE_CHECKS=@@UNIQUE_CHECKS, UNIQUE_CHECKS=0 */;
/*!40014 SET @OLD_FOREIGN_KEY_CHECKS=@@FOREIGN_KEY_CHECKS, FOREIGN_KEY_CHECKS=0 */;
/*!40101 SET @OLD_SQL_MODE=@@SQL_MODE, SQL_MODE='NO_AUTO_VALUE_ON_ZERO' */;
/*!40111 SET @OLD_SQL_NOTES=@@SQL_NOTES, SQL_NOTES=0 */;
/*Table structure for table `artikels` */

DROP TABLE IF EXISTS `artikels`;

CREATE TABLE `artikels` (
  `id` bigint unsigned NOT NULL AUTO_INCREMENT,
  `judul` varchar(255) COLLATE utf8mb4_unicode_ci NOT NULL,
  `thumbnail` varchar(255) COLLATE utf8mb4_unicode_ci DEFAULT NULL,
  `konten` text COLLATE utf8mb4_unicode_ci NOT NULL,
  `created_at` timestamp NULL DEFAULT NULL,
  `updated_at` timestamp NULL DEFAULT NULL,
  PRIMARY KEY (`id`)
) ENGINE=InnoDB AUTO_INCREMENT=4 DEFAULT CHARSET=utf8mb4 COLLATE=utf8mb4_unicode_ci;

/*Data for the table `artikels` */

insert  into `artikels`(`id`,`judul`,`thumbnail`,`konten`,`created_at`,`updated_at`) values 
(1,'Si Kancil Anak Nakal','thumbnails/AyRzZlRh9veN44zHJ2AkJUyagGvLdjgzsdHwBVgs.jpg','<div class=\"markdown markdown-main-panel stronger enable-updated-hr-color\" style=\"--animation-duration:400ms;--fade-animation-function:linear;animation:0s ease 0s 1 normal none running none;appearance:none;background-color:rgba(0, 0, 0, 0);border:0px none rgb(27, 28, 29);clear:none;clip:auto;color:rgb(27, 28, 29);columns:auto;contain:none;container:none;content:normal;cursor:auto;cx:0px;cy:0px;d:none;direction:ltr;display:block;fill:rgb(0, 0, 0);filter:none;flex:0 1 auto;float:none;font-family:&quot;Google Sans Text&quot;, sans-serif !important;font-feature-settings:normal;font-kerning:auto;font-optical-sizing:auto;font-size-adjust:none;font-size:16px;font-stretch:normal;font-style:normal;font-variant:normal;font-variation-settings:normal;font-weight:normal;gap:normal;hyphens:manual;inset:auto;interactivity:auto;isolation:auto;line-height:1.15 !important;margin:0px !important 0px 0px;marker:none;mask:none;offset:normal;opacity:1;order:0;orphans:2;outline:rgb(27, 28, 29) none 0px;overlay:none;padding:0px;page:auto;perspective:none;position:static;quotes:auto;r:0px;resize:none;rotate:none;rx:auto;ry:auto;scale:none;speak:normal;stroke:none;transform:none;transition:all;translate:none;visibility:visible;widows:2;x:0px;y:0px;zoom:1;\" _ngcontent-ng-c4137392166=\"\" id=\"model-response-message-contentr_e7e9da1122c8981b\" dir=\"ltr\"><p style=\"animation:0s ease 0s 1 normal none running none;appearance:none;background-color:rgba(0, 0, 0, 0);border:0px none rgb(27, 28, 29);clear:none;clip:auto;color:rgb(27, 28, 29);columns:auto;contain:none;container:none;content:normal;cursor:auto;cx:0px;cy:0px;d:none;direction:ltr;display:block;fill:rgb(0, 0, 0);filter:none;flex:0 1 auto;float:none;font-family:&quot;Google Sans Text&quot;, sans-serif !important;font-feature-settings:normal;font-kerning:auto;font-optical-sizing:auto;font-size-adjust:none;font-size:16px;font-stretch:normal;font-style:normal;font-variant:normal;font-variation-settings:normal;font-weight:normal;gap:normal;hyphens:manual;inset:auto;interactivity:auto;isolation:auto;line-height:1.15 !important;margin:0px !important 0px 16px;marker:none;mask:none;offset:normal;opacity:1;order:0;orphans:2;outline:rgb(27, 28, 29) none 0px;overlay:none;padding:0px;page:auto;perspective:none;position:static;quotes:auto;r:0px;resize:none;rotate:none;rx:auto;ry:auto;scale:none;speak:normal;stroke:none;transform:none;transition:all;translate:none;visibility:visible;widows:2;x:0px;y:0px;zoom:1;\" data-sourcepos=\"3:1-3:218\">Di suatu hutan yang rimbun dan damai, hiduplah seekor <strong style=\"animation:0s ease 0s 1 normal none running none;appearance:none;background-color:rgba(0, 0, 0, 0);border:0px none rgb(27, 28, 29);clear:none;clip:auto;color:rgb(27, 28, 29);columns:auto;contain:none;container:none;content:normal;cursor:auto;cx:0px;cy:0px;d:none;direction:ltr;display:inline;fill:rgb(0, 0, 0);filter:none;flex:0 1 auto;float:none;font-family:&quot;Google Sans Text&quot;, sans-serif !important;font-feature-settings:normal;font-kerning:auto;font-optical-sizing:auto;font-size-adjust:none;font-size:16px;font-stretch:normal;font-style:normal;font-variant:normal;font-variation-settings:normal;gap:normal;hyphens:manual;inset:auto;interactivity:auto;isolation:auto;line-height:1.15 !important;margin:0px !important 0px 0px;marker:none;mask:none;offset:normal;opacity:1;order:0;orphans:2;outline:rgb(27, 28, 29) none 0px;overlay:none;padding:0px;page:auto;perspective:none;position:static;quotes:auto;r:0px;resize:none;rotate:none;rx:auto;ry:auto;scale:none;speak:normal;stroke:none;transform:none;transition:all;translate:none;visibility:visible;widows:2;x:0px;y:0px;zoom:1;\">kancil</strong> bernama Kancil. Kancil ini sebenarnya pintar dan cekatan, tapi sayang sekali, dia punya kebiasaan buruk: <strong style=\"animation:0s ease 0s 1 normal none running none;appearance:none;background-color:rgba(0, 0, 0, 0);border:0px none rgb(27, 28, 29);clear:none;clip:auto;color:rgb(27, 28, 29);columns:auto;contain:none;container:none;content:normal;cursor:auto;cx:0px;cy:0px;d:none;direction:ltr;display:inline;fill:rgb(0, 0, 0);filter:none;flex:0 1 auto;float:none;font-family:&quot;Google Sans Text&quot;, sans-serif !important;font-feature-settings:normal;font-kerning:auto;font-optical-sizing:auto;font-size-adjust:none;font-size:16px;font-stretch:normal;font-style:normal;font-variant:normal;font-variation-settings:normal;gap:normal;hyphens:manual;inset:auto;interactivity:auto;isolation:auto;line-height:1.15 !important;margin:0px !important 0px 0px;marker:none;mask:none;offset:normal;opacity:1;order:0;orphans:2;outline:rgb(27, 28, 29) none 0px;overlay:none;padding:0px;page:auto;perspective:none;position:static;quotes:auto;r:0px;resize:none;rotate:none;rx:auto;ry:auto;scale:none;speak:normal;stroke:none;transform:none;transition:all;translate:none;visibility:visible;widows:2;x:0px;y:0px;zoom:1;\">suka berbuat nakal dan menjahili hewan lain</strong>.</p><p style=\"animation:0s ease 0s 1 normal none running none;appearance:none;background-color:rgba(0, 0, 0, 0);border:0px none rgb(27, 28, 29);clear:none;clip:auto;color:rgb(27, 28, 29);columns:auto;contain:none;container:none;content:normal;cursor:auto;cx:0px;cy:0px;d:none;direction:ltr;display:block;fill:rgb(0, 0, 0);filter:none;flex:0 1 auto;float:none;font-family:&quot;Google Sans Text&quot;, sans-serif !important;font-feature-settings:normal;font-kerning:auto;font-optical-sizing:auto;font-size-adjust:none;font-size:16px;font-stretch:normal;font-style:normal;font-variant:normal;font-variation-settings:normal;font-weight:normal;gap:normal;hyphens:manual;inset:auto;interactivity:auto;isolation:auto;line-height:1.15 !important;margin:0px !important 0px 16px;marker:none;mask:none;offset:normal;opacity:1;order:0;orphans:2;outline:rgb(27, 28, 29) none 0px;overlay:none;padding:0px;page:auto;perspective:none;position:static;quotes:auto;r:0px;resize:none;rotate:none;rx:auto;ry:auto;scale:none;speak:normal;stroke:none;transform:none;transition:all;translate:none;visibility:visible;widows:2;x:0px;y:0px;zoom:1;\" data-sourcepos=\"5:1-5:177\">Suatu pagi yang cerah, Kancil sedang berjalan-jalan di tepi sungai. Ia melihat seekor <strong style=\"animation:0s ease 0s 1 normal none running none;appearance:none;background-color:rgba(0, 0, 0, 0);border:0px none rgb(27, 28, 29);clear:none;clip:auto;color:rgb(27, 28, 29);columns:auto;contain:none;container:none;content:normal;cursor:auto;cx:0px;cy:0px;d:none;direction:ltr;display:inline;fill:rgb(0, 0, 0);filter:none;flex:0 1 auto;float:none;font-family:&quot;Google Sans Text&quot;, sans-serif !important;font-feature-settings:normal;font-kerning:auto;font-optical-sizing:auto;font-size-adjust:none;font-size:16px;font-stretch:normal;font-style:normal;font-variant:normal;font-variation-settings:normal;gap:normal;hyphens:manual;inset:auto;interactivity:auto;isolation:auto;line-height:1.15 !important;margin:0px !important 0px 0px;marker:none;mask:none;offset:normal;opacity:1;order:0;orphans:2;outline:rgb(27, 28, 29) none 0px;overlay:none;padding:0px;page:auto;perspective:none;position:static;quotes:auto;r:0px;resize:none;rotate:none;rx:auto;ry:auto;scale:none;speak:normal;stroke:none;transform:none;transition:all;translate:none;visibility:visible;widows:2;x:0px;y:0px;zoom:1;\">buaya</strong> sedang berjemur di bawah sinar matahari. Tiba-tiba, ide jahil muncul di benaknya.</p><p style=\"animation:0s ease 0s 1 normal none running none;appearance:none;background-color:rgba(0, 0, 0, 0);border:0px none rgb(27, 28, 29);clear:none;clip:auto;color:rgb(27, 28, 29);columns:auto;contain:none;container:none;content:normal;cursor:auto;cx:0px;cy:0px;d:none;direction:ltr;display:block;fill:rgb(0, 0, 0);filter:none;flex:0 1 auto;float:none;font-family:&quot;Google Sans Text&quot;, sans-serif !important;font-feature-settings:normal;font-kerning:auto;font-optical-sizing:auto;font-size-adjust:none;font-size:16px;font-stretch:normal;font-style:normal;font-variant:normal;font-variation-settings:normal;font-weight:normal;gap:normal;hyphens:manual;inset:auto;interactivity:auto;isolation:auto;line-height:1.15 !important;margin:0px !important 0px 16px;marker:none;mask:none;offset:normal;opacity:1;order:0;orphans:2;outline:rgb(27, 28, 29) none 0px;overlay:none;padding:0px;page:auto;perspective:none;position:static;quotes:auto;r:0px;resize:none;rotate:none;rx:auto;ry:auto;scale:none;speak:normal;stroke:none;transform:none;transition:all;translate:none;visibility:visible;widows:2;x:0px;y:0px;zoom:1;\" data-sourcepos=\"7:1-7:94\">\"Hei, Buaya!\" teriak Kancil. \"Lihatlah buah-buahan di seberang sungai itu! Pasti enak sekali!\"</p><p style=\"animation:0s ease 0s 1 normal none running none;appearance:none;background-color:rgba(0, 0, 0, 0);border:0px none rgb(27, 28, 29);clear:none;clip:auto;color:rgb(27, 28, 29);columns:auto;contain:none;container:none;content:normal;cursor:auto;cx:0px;cy:0px;d:none;direction:ltr;display:block;fill:rgb(0, 0, 0);filter:none;flex:0 1 auto;float:none;font-family:&quot;Google Sans Text&quot;, sans-serif !important;font-feature-settings:normal;font-kerning:auto;font-optical-sizing:auto;font-size-adjust:none;font-size:16px;font-stretch:normal;font-style:normal;font-variant:normal;font-variation-settings:normal;font-weight:normal;gap:normal;hyphens:manual;inset:auto;interactivity:auto;isolation:auto;line-height:1.15 !important;margin:0px !important 0px 16px;marker:none;mask:none;offset:normal;opacity:1;order:0;orphans:2;outline:rgb(27, 28, 29) none 0px;overlay:none;padding:0px;page:auto;perspective:none;position:static;quotes:auto;r:0px;resize:none;rotate:none;rx:auto;ry:auto;scale:none;speak:normal;stroke:none;transform:none;transition:all;translate:none;visibility:visible;widows:2;x:0px;y:0px;zoom:1;\" data-sourcepos=\"9:1-9:100\">Buaya yang sedang mengantuk hanya membuka sedikit matanya. \"Ah, malas aku menyeberang,\" gumam Buaya.</p><p style=\"animation:0s ease 0s 1 normal none running none;appearance:none;background-color:rgba(0, 0, 0, 0);border:0px none rgb(27, 28, 29);clear:none;clip:auto;color:rgb(27, 28, 29);columns:auto;contain:none;container:none;content:normal;cursor:auto;cx:0px;cy:0px;d:none;direction:ltr;display:block;fill:rgb(0, 0, 0);filter:none;flex:0 1 auto;float:none;font-family:&quot;Google Sans Text&quot;, sans-serif !important;font-feature-settings:normal;font-kerning:auto;font-optical-sizing:auto;font-size-adjust:none;font-size:16px;font-stretch:normal;font-style:normal;font-variant:normal;font-variation-settings:normal;font-weight:normal;gap:normal;hyphens:manual;inset:auto;interactivity:auto;isolation:auto;line-height:1.15 !important;margin:0px !important 0px 16px;marker:none;mask:none;offset:normal;opacity:1;order:0;orphans:2;outline:rgb(27, 28, 29) none 0px;overlay:none;padding:0px;page:auto;perspective:none;position:static;quotes:auto;r:0px;resize:none;rotate:none;rx:auto;ry:auto;scale:none;speak:normal;stroke:none;transform:none;transition:all;translate:none;visibility:visible;widows:2;x:0px;y:0px;zoom:1;\" data-sourcepos=\"11:1-11:162\">Kancil tidak menyerah. \"Bagaimana kalau kita adu cepat menyeberang? Siapa yang lebih dulu sampai sana, dia boleh makan buah-buahan itu sepuasnya!\" tantang Kancil.</p><p style=\"animation:0s ease 0s 1 normal none running none;appearance:none;background-color:rgba(0, 0, 0, 0);border:0px none rgb(27, 28, 29);clear:none;clip:auto;color:rgb(27, 28, 29);columns:auto;contain:none;container:none;content:normal;cursor:auto;cx:0px;cy:0px;d:none;direction:ltr;display:block;fill:rgb(0, 0, 0);filter:none;flex:0 1 auto;float:none;font-family:&quot;Google Sans Text&quot;, sans-serif !important;font-feature-settings:normal;font-kerning:auto;font-optical-sizing:auto;font-size-adjust:none;font-size:16px;font-stretch:normal;font-style:normal;font-variant:normal;font-variation-settings:normal;font-weight:normal;gap:normal;hyphens:manual;inset:auto;interactivity:auto;isolation:auto;line-height:1.15 !important;margin:0px !important 0px 16px;marker:none;mask:none;offset:normal;opacity:1;order:0;orphans:2;outline:rgb(27, 28, 29) none 0px;overlay:none;padding:0px;page:auto;perspective:none;position:static;quotes:auto;r:0px;resize:none;rotate:none;rx:auto;ry:auto;scale:none;speak:normal;stroke:none;transform:none;transition:all;translate:none;visibility:visible;widows:2;x:0px;y:0px;zoom:1;\" data-sourcepos=\"13:1-13:102\">Buaya yang merasa tertantang akhirnya setuju. \"Baiklah, Kancil. Tapi jangan menyesal kalau kau kalah!\"</p><p style=\"animation:0s ease 0s 1 normal none running none;appearance:none;background-color:rgba(0, 0, 0, 0);border:0px none rgb(27, 28, 29);clear:none;clip:auto;color:rgb(27, 28, 29);columns:auto;contain:none;container:none;content:normal;cursor:auto;cx:0px;cy:0px;d:none;direction:ltr;display:block;fill:rgb(0, 0, 0);filter:none;flex:0 1 auto;float:none;font-family:&quot;Google Sans Text&quot;, sans-serif !important;font-feature-settings:normal;font-kerning:auto;font-optical-sizing:auto;font-size-adjust:none;font-size:16px;font-stretch:normal;font-style:normal;font-variant:normal;font-variation-settings:normal;font-weight:normal;gap:normal;hyphens:manual;inset:auto;interactivity:auto;isolation:auto;line-height:1.15 !important;margin:0px !important 0px 16px;marker:none;mask:none;offset:normal;opacity:1;order:0;orphans:2;outline:rgb(27, 28, 29) none 0px;overlay:none;padding:0px;page:auto;perspective:none;position:static;quotes:auto;r:0px;resize:none;rotate:none;rx:auto;ry:auto;scale:none;speak:normal;stroke:none;transform:none;transition:all;translate:none;visibility:visible;widows:2;x:0px;y:0px;zoom:1;\" data-sourcepos=\"15:1-15:286\">Kancil tersenyum licik. Ia tahu Buaya sangat lambat di darat. Begitu aba-aba dimulai, Kancil langsung melesat lari, sementara Buaya dengan beratnya mulai bergerak. Tentu saja Kancil sampai duluan dan langsung melahap buah-buahan itu. Buaya yang tiba kemudian hanya bisa mendengus kesal.</p><hr style=\"animation:0s ease 0s 1 normal none running none;appearance:none;background-color:rgba(0, 0, 0, 0);clear:none;clip:auto;color:rgb(27, 28, 29);columns:auto;contain:none;container:none;content:normal;cursor:auto;cx:0px;cy:0px;d:none;direction:ltr;display:block;fill:rgb(0, 0, 0);filter:none;flex:0 1 auto;float:none;font-family:&quot;Google Sans Text&quot;, sans-serif !important;font-feature-settings:normal;font-kerning:auto;font-optical-sizing:auto;font-size-adjust:none;font-size:16px;font-stretch:normal;font-style:normal;font-variant:normal;font-variation-settings:normal;font-weight:normal;gap:normal;hyphens:manual;inset:auto;interactivity:auto;isolation:auto;line-height:1.15 !important;margin:0px !important 0px 8px;marker:none;mask:none;offset:normal;opacity:1;order:0;orphans:2;outline:rgb(27, 28, 29) none 0px;overlay:none;padding:0px;page:auto;perspective:none;position:static;quotes:auto;r:0px;resize:none;rotate:none;rx:auto;ry:auto;scale:none;speak:normal;stroke:none;transform:none;transition:all;translate:none;visibility:visible;widows:2;x:0px;y:0px;zoom:1;\" data-sourcepos=\"17:1-17:3\"><p style=\"animation:0s ease 0s 1 normal none running none;appearance:none;background-color:rgba(0, 0, 0, 0);border:0px none rgb(27, 28, 29);clear:none;clip:auto;color:rgb(27, 28, 29);columns:auto;contain:none;container:none;content:normal;cursor:auto;cx:0px;cy:0px;d:none;direction:ltr;display:block;fill:rgb(0, 0, 0);filter:none;flex:0 1 auto;float:none;font-family:&quot;Google Sans Text&quot;, sans-serif !important;font-feature-settings:normal;font-kerning:auto;font-optical-sizing:auto;font-size-adjust:none;font-size:16px;font-stretch:normal;font-style:normal;font-variant:normal;font-variation-settings:normal;font-weight:normal;gap:normal;hyphens:manual;inset:auto;interactivity:auto;isolation:auto;line-height:1.15 !important;margin:0px !important 0px 16px;marker:none;mask:none;offset:normal;opacity:1;order:0;orphans:2;outline:rgb(27, 28, 29) none 0px;overlay:none;padding:0px;page:auto;perspective:none;position:static;quotes:auto;r:0px;resize:none;rotate:none;rx:auto;ry:auto;scale:none;speak:normal;stroke:none;transform:none;transition:all;translate:none;visibility:visible;widows:2;x:0px;y:0px;zoom:1;\" data-sourcepos=\"19:1-19:157\">Keesokan harinya, Kancil kembali berulah. Ia melihat seekor <strong style=\"animation:0s ease 0s 1 normal none running none;appearance:none;background-color:rgba(0, 0, 0, 0);border:0px none rgb(27, 28, 29);clear:none;clip:auto;color:rgb(27, 28, 29);columns:auto;contain:none;container:none;content:normal;cursor:auto;cx:0px;cy:0px;d:none;direction:ltr;display:inline;fill:rgb(0, 0, 0);filter:none;flex:0 1 auto;float:none;font-family:&quot;Google Sans Text&quot;, sans-serif !important;font-feature-settings:normal;font-kerning:auto;font-optical-sizing:auto;font-size-adjust:none;font-size:16px;font-stretch:normal;font-style:normal;font-variant:normal;font-variation-settings:normal;gap:normal;hyphens:manual;inset:auto;interactivity:auto;isolation:auto;line-height:1.15 !important;margin:0px !important 0px 0px;marker:none;mask:none;offset:normal;opacity:1;order:0;orphans:2;outline:rgb(27, 28, 29) none 0px;overlay:none;padding:0px;page:auto;perspective:none;position:static;quotes:auto;r:0px;resize:none;rotate:none;rx:auto;ry:auto;scale:none;speak:normal;stroke:none;transform:none;transition:all;translate:none;visibility:visible;widows:2;x:0px;y:0px;zoom:1;\">kelinci</strong> sedang asyik menggali tanah mencari umbi-umbian. Kancil mendekat dengan senyum lebar.</p><p style=\"animation:0s ease 0s 1 normal none running none;appearance:none;background-color:rgba(0, 0, 0, 0);border:0px none rgb(27, 28, 29);clear:none;clip:auto;color:rgb(27, 28, 29);columns:auto;contain:none;container:none;content:normal;cursor:auto;cx:0px;cy:0px;d:none;direction:ltr;display:block;fill:rgb(0, 0, 0);filter:none;flex:0 1 auto;float:none;font-family:&quot;Google Sans Text&quot;, sans-serif !important;font-feature-settings:normal;font-kerning:auto;font-optical-sizing:auto;font-size-adjust:none;font-size:16px;font-stretch:normal;font-style:normal;font-variant:normal;font-variation-settings:normal;font-weight:normal;gap:normal;hyphens:manual;inset:auto;interactivity:auto;isolation:auto;line-height:1.15 !important;margin:0px !important 0px 16px;marker:none;mask:none;offset:normal;opacity:1;order:0;orphans:2;outline:rgb(27, 28, 29) none 0px;overlay:none;padding:0px;page:auto;perspective:none;position:static;quotes:auto;r:0px;resize:none;rotate:none;rx:auto;ry:auto;scale:none;speak:normal;stroke:none;transform:none;transition:all;translate:none;visibility:visible;widows:2;x:0px;y:0px;zoom:1;\" data-sourcepos=\"21:1-21:159\">\"Kelinci, maukah kau membantuku?\" tanya Kancil dengan suara lembut. \"Aku menemukan ladang wortel yang sangat banyak, tapi aku tidak bisa mengambilnya sendiri.\"</p><p style=\"animation:0s ease 0s 1 normal none running none;appearance:none;background-color:rgba(0, 0, 0, 0);border:0px none rgb(27, 28, 29);clear:none;clip:auto;color:rgb(27, 28, 29);columns:auto;contain:none;container:none;content:normal;cursor:auto;cx:0px;cy:0px;d:none;direction:ltr;display:block;fill:rgb(0, 0, 0);filter:none;flex:0 1 auto;float:none;font-family:&quot;Google Sans Text&quot;, sans-serif !important;font-feature-settings:normal;font-kerning:auto;font-optical-sizing:auto;font-size-adjust:none;font-size:16px;font-stretch:normal;font-style:normal;font-variant:normal;font-variation-settings:normal;font-weight:normal;gap:normal;hyphens:manual;inset:auto;interactivity:auto;isolation:auto;line-height:1.15 !important;margin:0px !important 0px 16px;marker:none;mask:none;offset:normal;opacity:1;order:0;orphans:2;outline:rgb(27, 28, 29) none 0px;overlay:none;padding:0px;page:auto;perspective:none;position:static;quotes:auto;r:0px;resize:none;rotate:none;rx:auto;ry:auto;scale:none;speak:normal;stroke:none;transform:none;transition:all;translate:none;visibility:visible;widows:2;x:0px;y:0px;zoom:1;\" data-sourcepos=\"23:1-23:73\">Kelinci yang polos langsung bersemangat. \"Benarkah, Kancil? Di mana itu?\"</p><p style=\"animation:0s ease 0s 1 normal none running none;appearance:none;background-color:rgba(0, 0, 0, 0);border:0px none rgb(27, 28, 29);clear:none;clip:auto;color:rgb(27, 28, 29);columns:auto;contain:none;container:none;content:normal;cursor:auto;cx:0px;cy:0px;d:none;direction:ltr;display:block;fill:rgb(0, 0, 0);filter:none;flex:0 1 auto;float:none;font-family:&quot;Google Sans Text&quot;, sans-serif !important;font-feature-settings:normal;font-kerning:auto;font-optical-sizing:auto;font-size-adjust:none;font-size:16px;font-stretch:normal;font-style:normal;font-variant:normal;font-variation-settings:normal;font-weight:normal;gap:normal;hyphens:manual;inset:auto;interactivity:auto;isolation:auto;line-height:1.15 !important;margin:0px !important 0px 16px;marker:none;mask:none;offset:normal;opacity:1;order:0;orphans:2;outline:rgb(27, 28, 29) none 0px;overlay:none;padding:0px;page:auto;perspective:none;position:static;quotes:auto;r:0px;resize:none;rotate:none;rx:auto;ry:auto;scale:none;speak:normal;stroke:none;transform:none;transition:all;translate:none;visibility:visible;widows:2;x:0px;y:0px;zoom:1;\" data-sourcepos=\"25:1-25:168\">\"Ikutlah aku,\" kata Kancil sambil menuntun Kelinci ke tepi jurang. \"Wortel-wortel itu ada di bawah sana. Kau saja yang mengambilnya, nanti aku akan menunggumu di sini.\"</p><p style=\"animation:0s ease 0s 1 normal none running none;appearance:none;background-color:rgba(0, 0, 0, 0);border:0px none rgb(27, 28, 29);clear:none;clip:auto;color:rgb(27, 28, 29);columns:auto;contain:none;container:none;content:normal;cursor:auto;cx:0px;cy:0px;d:none;direction:ltr;display:block;fill:rgb(0, 0, 0);filter:none;flex:0 1 auto;float:none;font-family:&quot;Google Sans Text&quot;, sans-serif !important;font-feature-settings:normal;font-kerning:auto;font-optical-sizing:auto;font-size-adjust:none;font-size:16px;font-stretch:normal;font-style:normal;font-variant:normal;font-variation-settings:normal;font-weight:normal;gap:normal;hyphens:manual;inset:auto;interactivity:auto;isolation:auto;line-height:1.15 !important;margin:0px !important 0px 16px;marker:none;mask:none;offset:normal;opacity:1;order:0;orphans:2;outline:rgb(27, 28, 29) none 0px;overlay:none;padding:0px;page:auto;perspective:none;position:static;quotes:auto;r:0px;resize:none;rotate:none;rx:auto;ry:auto;scale:none;speak:normal;stroke:none;transform:none;transition:all;translate:none;visibility:visible;widows:2;x:0px;y:0px;zoom:1;\" data-sourcepos=\"27:1-27:215\">Kelinci yang tidak curiga langsung melompat ke bawah jurang. Begitu Kelinci sudah di bawah, Kancil langsung berbalik dan pergi meninggalkannya sendirian. Kelinci pun kebingungan dan kesulitan keluar dari jurang itu.</p><hr style=\"animation:0s ease 0s 1 normal none running none;appearance:none;background-color:rgba(0, 0, 0, 0);clear:none;clip:auto;color:rgb(27, 28, 29);columns:auto;contain:none;container:none;content:normal;cursor:auto;cx:0px;cy:0px;d:none;direction:ltr;display:block;fill:rgb(0, 0, 0);filter:none;flex:0 1 auto;float:none;font-family:&quot;Google Sans Text&quot;, sans-serif !important;font-feature-settings:normal;font-kerning:auto;font-optical-sizing:auto;font-size-adjust:none;font-size:16px;font-stretch:normal;font-style:normal;font-variant:normal;font-variation-settings:normal;font-weight:normal;gap:normal;hyphens:manual;inset:auto;interactivity:auto;isolation:auto;line-height:1.15 !important;margin:0px !important 0px 8px;marker:none;mask:none;offset:normal;opacity:1;order:0;orphans:2;outline:rgb(27, 28, 29) none 0px;overlay:none;padding:0px;page:auto;perspective:none;position:static;quotes:auto;r:0px;resize:none;rotate:none;rx:auto;ry:auto;scale:none;speak:normal;stroke:none;transform:none;transition:all;translate:none;visibility:visible;widows:2;x:0px;y:0px;zoom:1;\" data-sourcepos=\"29:1-29:3\"><p style=\"animation:0s ease 0s 1 normal none running none;appearance:none;background-color:rgba(0, 0, 0, 0);border:0px none rgb(27, 28, 29);clear:none;clip:auto;color:rgb(27, 28, 29);columns:auto;contain:none;container:none;content:normal;cursor:auto;cx:0px;cy:0px;d:none;direction:ltr;display:block;fill:rgb(0, 0, 0);filter:none;flex:0 1 auto;float:none;font-family:&quot;Google Sans Text&quot;, sans-serif !important;font-feature-settings:normal;font-kerning:auto;font-optical-sizing:auto;font-size-adjust:none;font-size:16px;font-stretch:normal;font-style:normal;font-variant:normal;font-variation-settings:normal;font-weight:normal;gap:normal;hyphens:manual;inset:auto;interactivity:auto;isolation:auto;line-height:1.15 !important;margin:0px !important 0px 16px;marker:none;mask:none;offset:normal;opacity:1;order:0;orphans:2;outline:rgb(27, 28, 29) none 0px;overlay:none;padding:0px;page:auto;perspective:none;position:static;quotes:auto;r:0px;resize:none;rotate:none;rx:auto;ry:auto;scale:none;speak:normal;stroke:none;transform:none;transition:all;translate:none;visibility:visible;widows:2;x:0px;y:0px;zoom:1;\" data-sourcepos=\"31:1-31:183\">Semakin hari, semakin banyak hewan yang jengkel dengan kenakalan Kancil. Mereka mulai menghindari Kancil. Kancil jadi kesepian dan tidak punya teman bermain. Ia mulai merasa menyesal.</p><p style=\"animation:0s ease 0s 1 normal none running none;appearance:none;background-color:rgba(0, 0, 0, 0);border:0px none rgb(27, 28, 29);clear:none;clip:auto;color:rgb(27, 28, 29);columns:auto;contain:none;container:none;content:normal;cursor:auto;cx:0px;cy:0px;d:none;direction:ltr;display:block;fill:rgb(0, 0, 0);filter:none;flex:0 1 auto;float:none;font-family:&quot;Google Sans Text&quot;, sans-serif !important;font-feature-settings:normal;font-kerning:auto;font-optical-sizing:auto;font-size-adjust:none;font-size:16px;font-stretch:normal;font-style:normal;font-variant:normal;font-variation-settings:normal;font-weight:normal;gap:normal;hyphens:manual;inset:auto;interactivity:auto;isolation:auto;line-height:1.15 !important;margin:0px !important 0px 16px;marker:none;mask:none;offset:normal;opacity:1;order:0;orphans:2;outline:rgb(27, 28, 29) none 0px;overlay:none;padding:0px;page:auto;perspective:none;position:static;quotes:auto;r:0px;resize:none;rotate:none;rx:auto;ry:auto;scale:none;speak:normal;stroke:none;transform:none;transition:all;translate:none;visibility:visible;widows:2;x:0px;y:0px;zoom:1;\" data-sourcepos=\"33:1-33:200\">Suatu sore, Kancil melihat seekor <strong style=\"animation:0s ease 0s 1 normal none running none;appearance:none;background-color:rgba(0, 0, 0, 0);border:0px none rgb(27, 28, 29);clear:none;clip:auto;color:rgb(27, 28, 29);columns:auto;contain:none;container:none;content:normal;cursor:auto;cx:0px;cy:0px;d:none;direction:ltr;display:inline;fill:rgb(0, 0, 0);filter:none;flex:0 1 auto;float:none;font-family:&quot;Google Sans Text&quot;, sans-serif !important;font-feature-settings:normal;font-kerning:auto;font-optical-sizing:auto;font-size-adjust:none;font-size:16px;font-stretch:normal;font-style:normal;font-variant:normal;font-variation-settings:normal;gap:normal;hyphens:manual;inset:auto;interactivity:auto;isolation:auto;line-height:1.15 !important;margin:0px !important 0px 0px;marker:none;mask:none;offset:normal;opacity:1;order:0;orphans:2;outline:rgb(27, 28, 29) none 0px;overlay:none;padding:0px;page:auto;perspective:none;position:static;quotes:auto;r:0px;resize:none;rotate:none;rx:auto;ry:auto;scale:none;speak:normal;stroke:none;transform:none;transition:all;translate:none;visibility:visible;widows:2;x:0px;y:0px;zoom:1;\">gajah</strong> tua sedang kesulitan mengangkat batang pohon yang jatuh. Kancil ingin membantu, tapi ia ragu. Ia takut Gajah akan menolaknya karena kenakalannya selama ini.</p><p style=\"animation:0s ease 0s 1 normal none running none;appearance:none;background-color:rgba(0, 0, 0, 0);border:0px none rgb(27, 28, 29);clear:none;clip:auto;color:rgb(27, 28, 29);columns:auto;contain:none;container:none;content:normal;cursor:auto;cx:0px;cy:0px;d:none;direction:ltr;display:block;fill:rgb(0, 0, 0);filter:none;flex:0 1 auto;float:none;font-family:&quot;Google Sans Text&quot;, sans-serif !important;font-feature-settings:normal;font-kerning:auto;font-optical-sizing:auto;font-size-adjust:none;font-size:16px;font-stretch:normal;font-style:normal;font-variant:normal;font-variation-settings:normal;font-weight:normal;gap:normal;hyphens:manual;inset:auto;interactivity:auto;isolation:auto;line-height:1.15 !important;margin:0px !important 0px 16px;marker:none;mask:none;offset:normal;opacity:1;order:0;orphans:2;outline:rgb(27, 28, 29) none 0px;overlay:none;padding:0px;page:auto;perspective:none;position:static;quotes:auto;r:0px;resize:none;rotate:none;rx:auto;ry:auto;scale:none;speak:normal;stroke:none;transform:none;transition:all;translate:none;visibility:visible;widows:2;x:0px;y:0px;zoom:1;\" data-sourcepos=\"35:1-35:104\">Namun, rasa kasihan Kancil lebih besar. Ia memberanikan diri mendekat. \"Gajah, bolehkah aku membantumu?\"</p><p style=\"animation:0s ease 0s 1 normal none running none;appearance:none;background-color:rgba(0, 0, 0, 0);border:0px none rgb(27, 28, 29);clear:none;clip:auto;color:rgb(27, 28, 29);columns:auto;contain:none;container:none;content:normal;cursor:auto;cx:0px;cy:0px;d:none;direction:ltr;display:block;fill:rgb(0, 0, 0);filter:none;flex:0 1 auto;float:none;font-family:&quot;Google Sans Text&quot;, sans-serif !important;font-feature-settings:normal;font-kerning:auto;font-optical-sizing:auto;font-size-adjust:none;font-size:16px;font-stretch:normal;font-style:normal;font-variant:normal;font-variation-settings:normal;font-weight:normal;gap:normal;hyphens:manual;inset:auto;interactivity:auto;isolation:auto;line-height:1.15 !important;margin:0px !important 0px 16px;marker:none;mask:none;offset:normal;opacity:1;order:0;orphans:2;outline:rgb(27, 28, 29) none 0px;overlay:none;padding:0px;page:auto;perspective:none;position:static;quotes:auto;r:0px;resize:none;rotate:none;rx:auto;ry:auto;scale:none;speak:normal;stroke:none;transform:none;transition:all;translate:none;visibility:visible;widows:2;x:0px;y:0px;zoom:1;\" data-sourcepos=\"37:1-37:91\">Gajah menatap Kancil dengan heran. \"Kau mau membantuku, Kancil? Setelah semua kenakalanmu?\"</p><p style=\"animation:0s ease 0s 1 normal none running none;appearance:none;background-color:rgba(0, 0, 0, 0);border:0px none rgb(27, 28, 29);clear:none;clip:auto;color:rgb(27, 28, 29);columns:auto;contain:none;container:none;content:normal;cursor:auto;cx:0px;cy:0px;d:none;direction:ltr;display:block;fill:rgb(0, 0, 0);filter:none;flex:0 1 auto;float:none;font-family:&quot;Google Sans Text&quot;, sans-serif !important;font-feature-settings:normal;font-kerning:auto;font-optical-sizing:auto;font-size-adjust:none;font-size:16px;font-stretch:normal;font-style:normal;font-variant:normal;font-variation-settings:normal;font-weight:normal;gap:normal;hyphens:manual;inset:auto;interactivity:auto;isolation:auto;line-height:1.15 !important;margin:0px !important 0px 16px;marker:none;mask:none;offset:normal;opacity:1;order:0;orphans:2;outline:rgb(27, 28, 29) none 0px;overlay:none;padding:0px;page:auto;perspective:none;position:static;quotes:auto;r:0px;resize:none;rotate:none;rx:auto;ry:auto;scale:none;speak:normal;stroke:none;transform:none;transition:all;translate:none;visibility:visible;widows:2;x:0px;y:0px;zoom:1;\" data-sourcepos=\"39:1-39:102\">Kancil menunduk. \"Aku tahu aku salah, Gajah. Aku sangat menyesal. Aku berjanji tidak akan nakal lagi.\"</p><p style=\"animation:0s ease 0s 1 normal none running none;appearance:none;background-color:rgba(0, 0, 0, 0);border:0px none rgb(27, 28, 29);clear:none;clip:auto;color:rgb(27, 28, 29);columns:auto;contain:none;container:none;content:normal;cursor:auto;cx:0px;cy:0px;d:none;direction:ltr;display:block;fill:rgb(0, 0, 0);filter:none;flex:0 1 auto;float:none;font-family:&quot;Google Sans Text&quot;, sans-serif !important;font-feature-settings:normal;font-kerning:auto;font-optical-sizing:auto;font-size-adjust:none;font-size:16px;font-stretch:normal;font-style:normal;font-variant:normal;font-variation-settings:normal;font-weight:normal;gap:normal;hyphens:manual;inset:auto;interactivity:auto;isolation:auto;line-height:1.15 !important;margin:0px !important 0px 16px;marker:none;mask:none;offset:normal;opacity:1;order:0;orphans:2;outline:rgb(27, 28, 29) none 0px;overlay:none;padding:0px;page:auto;perspective:none;position:static;quotes:auto;r:0px;resize:none;rotate:none;rx:auto;ry:auto;scale:none;speak:normal;stroke:none;transform:none;transition:all;translate:none;visibility:visible;widows:2;x:0px;y:0px;zoom:1;\" data-sourcepos=\"41:1-41:57\">Gajah tersenyum tipis. \"Baiklah, Kancil. Mari kita coba.\"</p><p style=\"animation:0s ease 0s 1 normal none running none;appearance:none;background-color:rgba(0, 0, 0, 0);border:0px none rgb(27, 28, 29);clear:none;clip:auto;color:rgb(27, 28, 29);columns:auto;contain:none;container:none;content:normal;cursor:auto;cx:0px;cy:0px;d:none;direction:ltr;display:block;fill:rgb(0, 0, 0);filter:none;flex:0 1 auto;float:none;font-family:&quot;Google Sans Text&quot;, sans-serif !important;font-feature-settings:normal;font-kerning:auto;font-optical-sizing:auto;font-size-adjust:none;font-size:16px;font-stretch:normal;font-style:normal;font-variant:normal;font-variation-settings:normal;font-weight:normal;gap:normal;hyphens:manual;inset:auto;interactivity:auto;isolation:auto;line-height:1.15 !important;margin:0px !important 0px 16px;marker:none;mask:none;offset:normal;opacity:1;order:0;orphans:2;outline:rgb(27, 28, 29) none 0px;overlay:none;padding:0px;page:auto;perspective:none;position:static;quotes:auto;r:0px;resize:none;rotate:none;rx:auto;ry:auto;scale:none;speak:normal;stroke:none;transform:none;transition:all;translate:none;visibility:visible;widows:2;x:0px;y:0px;zoom:1;\" data-sourcepos=\"43:1-43:297\">Dengan bantuan Kancil yang cerdik, batang pohon itu akhirnya bisa disingkirkan. Gajah berterima kasih kepada Kancil. Sejak saat itu, Kancil benar-benar berubah. Ia tidak lagi menjahili hewan lain, bahkan sering membantu mereka. Kancil pun akhirnya memiliki banyak teman dan hidup bahagia di hutan.</p><hr style=\"animation:0s ease 0s 1 normal none running none;appearance:none;background-color:rgba(0, 0, 0, 0);clear:none;clip:auto;color:rgb(27, 28, 29);columns:auto;contain:none;container:none;content:normal;cursor:auto;cx:0px;cy:0px;d:none;direction:ltr;display:block;fill:rgb(0, 0, 0);filter:none;flex:0 1 auto;float:none;font-family:&quot;Google Sans Text&quot;, sans-serif !important;font-feature-settings:normal;font-kerning:auto;font-optical-sizing:auto;font-size-adjust:none;font-size:16px;font-stretch:normal;font-style:normal;font-variant:normal;font-variation-settings:normal;font-weight:normal;gap:normal;hyphens:manual;inset:auto;interactivity:auto;isolation:auto;line-height:1.15 !important;margin:0px !important 0px 8px;marker:none;mask:none;offset:normal;opacity:1;order:0;orphans:2;outline:rgb(27, 28, 29) none 0px;overlay:none;padding:0px;page:auto;perspective:none;position:static;quotes:auto;r:0px;resize:none;rotate:none;rx:auto;ry:auto;scale:none;speak:normal;stroke:none;transform:none;transition:all;translate:none;visibility:visible;widows:2;x:0px;y:0px;zoom:1;\" data-sourcepos=\"45:1-45:3\"><p style=\"animation:0s ease 0s 1 normal none running none;appearance:none;background-color:rgba(0, 0, 0, 0);border:0px none rgb(27, 28, 29);clear:none;clip:auto;color:rgb(27, 28, 29);columns:auto;contain:none;container:none;content:normal;cursor:auto;cx:0px;cy:0px;d:none;direction:ltr;display:block;fill:rgb(0, 0, 0);filter:none;flex:0 1 auto;float:none;font-family:&quot;Google Sans Text&quot;, sans-serif !important;font-feature-settings:normal;font-kerning:auto;font-optical-sizing:auto;font-size-adjust:none;font-size:16px;font-stretch:normal;font-style:normal;font-variant:normal;font-variation-settings:normal;font-weight:normal;gap:normal;hyphens:manual;inset:auto;interactivity:auto;isolation:auto;line-height:1.15 !important;margin:0px !important 0px 16px;marker:none;mask:none;offset:normal;opacity:1;order:0;orphans:2;outline:rgb(27, 28, 29) none 0px;overlay:none;padding:0px;page:auto;perspective:none;position:static;quotes:auto;r:0px;resize:none;rotate:none;rx:auto;ry:auto;scale:none;speak:normal;stroke:none;transform:none;transition:all;translate:none;visibility:visible;widows:2;x:0px;y:0px;zoom:1;\" data-sourcepos=\"47:1-47:256\"><strong style=\"animation:0s ease 0s 1 normal none running none;appearance:none;background-color:rgba(0, 0, 0, 0);border:0px none rgb(27, 28, 29);clear:none;clip:auto;color:rgb(27, 28, 29);columns:auto;contain:none;container:none;content:normal;cursor:auto;cx:0px;cy:0px;d:none;direction:ltr;display:inline;fill:rgb(0, 0, 0);filter:none;flex:0 1 auto;float:none;font-family:&quot;Google Sans Text&quot;, sans-serif !important;font-feature-settings:normal;font-kerning:auto;font-optical-sizing:auto;font-size-adjust:none;font-size:16px;font-stretch:normal;font-style:normal;font-variant:normal;font-variation-settings:normal;gap:normal;hyphens:manual;inset:auto;interactivity:auto;isolation:auto;line-height:1.15 !important;margin:0px !important 0px 0px;marker:none;mask:none;offset:normal;opacity:1;order:0;orphans:2;outline:rgb(27, 28, 29) none 0px;overlay:none;padding:0px;page:auto;perspective:none;position:static;quotes:auto;r:0px;resize:none;rotate:none;rx:auto;ry:auto;scale:none;speak:normal;stroke:none;transform:none;transition:all;translate:none;visibility:visible;widows:2;x:0px;y:0px;zoom:1;\">Pesan moral:</strong> Meskipun pintar, kita tidak boleh menggunakan kepintaran kita untuk menjahili atau merugikan orang lain. Kenakalan hanya akan membuat kita dijauhi dan kesepian. Lebih baik menggunakan kepintaran kita untuk hal-hal baik dan membantu sesama.</p><p style=\"animation:0s ease 0s 1 normal none running none;appearance:none;background-color:rgba(0, 0, 0, 0);border:0px none rgb(27, 28, 29);clear:none;clip:auto;color:rgb(27, 28, 29);columns:auto;contain:none;container:none;content:normal;cursor:auto;cx:0px;cy:0px;d:none;direction:ltr;display:block;fill:rgb(0, 0, 0);filter:none;flex:0 1 auto;float:none;font-family:&quot;Google Sans Text&quot;, sans-serif !important;font-feature-settings:normal;font-kerning:auto;font-optical-sizing:auto;font-size-adjust:none;font-size:16px;font-stretch:normal;font-style:normal;font-variant:normal;font-variation-settings:normal;font-weight:normal;gap:normal;hyphens:manual;inset:auto;interactivity:auto;isolation:auto;line-height:1.15 !important;margin:0px !important 0px 16px;marker:none;mask:none;offset:normal;opacity:1;order:0;orphans:2;outline:rgb(27, 28, 29) none 0px;overlay:none;padding:0px;page:auto;perspective:none;position:static;quotes:auto;r:0px;resize:none;rotate:none;rx:auto;ry:auto;scale:none;speak:normal;stroke:none;transform:none;transition:all;translate:none;visibility:visible;widows:2;x:0px;y:0px;zoom:1;\" data-sourcepos=\"49:1-49:48\">&nbsp;</p></div>','2025-05-24 23:45:19','2025-05-24 23:45:19'),
(2,'Ceria dan Bersemangat, Siswa TK Dharma Wanita Lamongan Ikuti Lomba Mewarnai Sekabupaten','thumbnails/YpfjoPOellyQSkDuCDCEX952SFk0Z80wsAzBEhDy.jpg','<div class=\"markdown markdown-main-panel stronger enable-updated-hr-color\" style=\"--animation-duration:400ms;--fade-animation-function:linear;animation:0s ease 0s 1 normal none running none;appearance:none;background-color:rgba(0, 0, 0, 0);border:0px none rgb(27, 28, 29);clear:none;clip:auto;color:rgb(27, 28, 29);columns:auto;contain:none;container:none;content:normal;cursor:auto;cx:0px;cy:0px;d:none;direction:ltr;display:block;fill:rgb(0, 0, 0);filter:none;flex:0 1 auto;float:none;font-family:&quot;Google Sans Text&quot;, sans-serif !important;font-feature-settings:normal;font-kerning:auto;font-optical-sizing:auto;font-size-adjust:none;font-size:16px;font-stretch:normal;font-style:normal;font-variant:normal;font-variation-settings:normal;font-weight:normal;gap:normal;hyphens:manual;inset:auto;interactivity:auto;isolation:auto;line-height:1.15 !important;margin:0px !important 0px 0px;marker:none;mask:none;offset:normal;opacity:1;order:0;orphans:2;outline:rgb(27, 28, 29) none 0px;overlay:none;padding:0px;page:auto;perspective:none;position:static;quotes:auto;r:0px;resize:none;rotate:none;rx:auto;ry:auto;scale:none;speak:normal;stroke:none;transform:none;transition:all;translate:none;visibility:visible;widows:2;x:0px;y:0px;zoom:1;\" _ngcontent-ng-c4137392166=\"\" id=\"model-response-message-contentr_f36e9e619765051b\" dir=\"ltr\"><p style=\"animation:0s ease 0s 1 normal none running none;appearance:none;background-color:rgba(0, 0, 0, 0);border:0px none rgb(27, 28, 29);clear:none;clip:auto;color:rgb(27, 28, 29);columns:auto;contain:none;container:none;content:normal;cursor:auto;cx:0px;cy:0px;d:none;direction:ltr;display:block;fill:rgb(0, 0, 0);filter:none;flex:0 1 auto;float:none;font-family:&quot;Google Sans Text&quot;, sans-serif !important;font-feature-settings:normal;font-kerning:auto;font-optical-sizing:auto;font-size-adjust:none;font-size:16px;font-stretch:normal;font-style:normal;font-variant:normal;font-variation-settings:normal;font-weight:normal;gap:normal;hyphens:manual;inset:auto;interactivity:auto;isolation:auto;line-height:1.15 !important;margin:0px !important 0px 16px;marker:none;mask:none;offset:normal;opacity:1;order:0;orphans:2;outline:rgb(27, 28, 29) none 0px;overlay:none;padding:0px;page:auto;perspective:none;position:static;quotes:auto;r:0px;resize:none;rotate:none;rx:auto;ry:auto;scale:none;speak:normal;stroke:none;transform:none;transition:all;translate:none;visibility:visible;widows:2;x:0px;y:0px;zoom:1;\" data-sourcepos=\"7:1-7:450\"><strong style=\"animation:0s ease 0s 1 normal none running none;appearance:none;background-color:rgba(0, 0, 0, 0);border:0px none rgb(27, 28, 29);clear:none;clip:auto;color:rgb(27, 28, 29);columns:auto;contain:none;container:none;content:normal;cursor:auto;cx:0px;cy:0px;d:none;direction:ltr;display:inline;fill:rgb(0, 0, 0);filter:none;flex:0 1 auto;float:none;font-family:&quot;Google Sans Text&quot;, sans-serif !important;font-feature-settings:normal;font-kerning:auto;font-optical-sizing:auto;font-size-adjust:none;font-size:16px;font-stretch:normal;font-style:normal;font-variant:normal;font-variation-settings:normal;gap:normal;hyphens:manual;inset:auto;interactivity:auto;isolation:auto;line-height:1.15 !important;margin:0px !important 0px 0px;marker:none;mask:none;offset:normal;opacity:1;order:0;orphans:2;outline:rgb(27, 28, 29) none 0px;overlay:none;padding:0px;page:auto;perspective:none;position:static;quotes:auto;r:0px;resize:none;rotate:none;rx:auto;ry:auto;scale:none;speak:normal;stroke:none;transform:none;transition:all;translate:none;visibility:visible;widows:2;x:0px;y:0px;zoom:1;\">KEDIRI, [12-SEPTEMBER-2024]</strong> – Suasana ceria dan penuh semangat mewarnai wajah-wajah mungil siswa-siswi Taman Kanak-Kanak (TK) Dharma Wanita Lamongan hari ini. Mereka berpartisipasi dalam <strong style=\"animation:0s ease 0s 1 normal none running none;appearance:none;background-color:rgba(0, 0, 0, 0);border:0px none rgb(27, 28, 29);clear:none;clip:auto;color:rgb(27, 28, 29);columns:auto;contain:none;container:none;content:normal;cursor:auto;cx:0px;cy:0px;d:none;direction:ltr;display:inline;fill:rgb(0, 0, 0);filter:none;flex:0 1 auto;float:none;font-family:&quot;Google Sans Text&quot;, sans-serif !important;font-feature-settings:normal;font-kerning:auto;font-optical-sizing:auto;font-size-adjust:none;font-size:16px;font-stretch:normal;font-style:normal;font-variant:normal;font-variation-settings:normal;gap:normal;hyphens:manual;inset:auto;interactivity:auto;isolation:auto;line-height:1.15 !important;margin:0px !important 0px 0px;marker:none;mask:none;offset:normal;opacity:1;order:0;orphans:2;outline:rgb(27, 28, 29) none 0px;overlay:none;padding:0px;page:auto;perspective:none;position:static;quotes:auto;r:0px;resize:none;rotate:none;rx:auto;ry:auto;scale:none;speak:normal;stroke:none;transform:none;transition:all;translate:none;visibility:visible;widows:2;x:0px;y:0px;zoom:1;\">lomba mewarnai tingkat Kabupaten Lamongan</strong> yang diselenggarakan di Gedung Olahraga (GOR) Lamongan. Ajang ini menjadi wadah bagi anak-anak untuk menunjukkan kreativitas dan bakat seni mereka di hadapan juri dan peserta dari berbagai TK di seluruh Lamongan.</p><p style=\"animation:0s ease 0s 1 normal none running none;appearance:none;background-color:rgba(0, 0, 0, 0);border:0px none rgb(27, 28, 29);clear:none;clip:auto;color:rgb(27, 28, 29);columns:auto;contain:none;container:none;content:normal;cursor:auto;cx:0px;cy:0px;d:none;direction:ltr;display:block;fill:rgb(0, 0, 0);filter:none;flex:0 1 auto;float:none;font-family:&quot;Google Sans Text&quot;, sans-serif !important;font-feature-settings:normal;font-kerning:auto;font-optical-sizing:auto;font-size-adjust:none;font-size:16px;font-stretch:normal;font-style:normal;font-variant:normal;font-variation-settings:normal;font-weight:normal;gap:normal;hyphens:manual;inset:auto;interactivity:auto;isolation:auto;line-height:1.15 !important;margin:0px !important 0px 16px;marker:none;mask:none;offset:normal;opacity:1;order:0;orphans:2;outline:rgb(27, 28, 29) none 0px;overlay:none;padding:0px;page:auto;perspective:none;position:static;quotes:auto;r:0px;resize:none;rotate:none;rx:auto;ry:auto;scale:none;speak:normal;stroke:none;transform:none;transition:all;translate:none;visibility:visible;widows:2;x:0px;y:0px;zoom:1;\" data-sourcepos=\"9:1-9:362\">Sebanyak puluhan anak dari TK Dharma Wanita Lamongan tampak antusias membawa perlengkapan mewarnai masing-masing. Dengan krayon, pensil warna, dan spidol di tangan, mereka siap menuangkan imajinasi ke atas lembar gambar. Tema lomba tahun ini berfokus pada <strong style=\"animation:0s ease 0s 1 normal none running none;appearance:none;background-color:rgba(0, 0, 0, 0);border:0px none rgb(27, 28, 29);clear:none;clip:auto;color:rgb(27, 28, 29);columns:auto;contain:none;container:none;content:normal;cursor:auto;cx:0px;cy:0px;d:none;direction:ltr;display:inline;fill:rgb(0, 0, 0);filter:none;flex:0 1 auto;float:none;font-family:&quot;Google Sans Text&quot;, sans-serif !important;font-feature-settings:normal;font-kerning:auto;font-optical-sizing:auto;font-size-adjust:none;font-size:16px;font-stretch:normal;font-style:normal;font-variant:normal;font-variation-settings:normal;gap:normal;hyphens:manual;inset:auto;interactivity:auto;isolation:auto;line-height:1.15 !important;margin:0px !important 0px 0px;marker:none;mask:none;offset:normal;opacity:1;order:0;orphans:2;outline:rgb(27, 28, 29) none 0px;overlay:none;padding:0px;page:auto;perspective:none;position:static;quotes:auto;r:0px;resize:none;rotate:none;rx:auto;ry:auto;scale:none;speak:normal;stroke:none;transform:none;transition:all;translate:none;visibility:visible;widows:2;x:0px;y:0px;zoom:1;\">kekayaan budaya dan alam Lamongan</strong>, seperti gambar ikan bandeng, perahu, atau pemandangan khas pesisir.</p><p style=\"animation:0s ease 0s 1 normal none running none;appearance:none;background-color:rgba(0, 0, 0, 0);border:0px none rgb(27, 28, 29);clear:none;clip:auto;color:rgb(27, 28, 29);columns:auto;contain:none;container:none;content:normal;cursor:auto;cx:0px;cy:0px;d:none;direction:ltr;display:block;fill:rgb(0, 0, 0);filter:none;flex:0 1 auto;float:none;font-family:&quot;Google Sans Text&quot;, sans-serif !important;font-feature-settings:normal;font-kerning:auto;font-optical-sizing:auto;font-size-adjust:none;font-size:16px;font-stretch:normal;font-style:normal;font-variant:normal;font-variation-settings:normal;font-weight:normal;gap:normal;hyphens:manual;inset:auto;interactivity:auto;isolation:auto;line-height:1.15 !important;margin:0px !important 0px 16px;marker:none;mask:none;offset:normal;opacity:1;order:0;orphans:2;outline:rgb(27, 28, 29) none 0px;overlay:none;padding:0px;page:auto;perspective:none;position:static;quotes:auto;r:0px;resize:none;rotate:none;rx:auto;ry:auto;scale:none;speak:normal;stroke:none;transform:none;transition:all;translate:none;visibility:visible;widows:2;x:0px;y:0px;zoom:1;\" data-sourcepos=\"11:1-11:424\">\"Kami sangat bangga melihat semangat anak-anak hari ini,\" ujar Ibu [Nama Kepala Sekolah/Guru], Kepala TK Dharma Wanita Lamongan. \"Lomba ini bukan hanya tentang menang atau kalah, tetapi lebih kepada memberikan pengalaman berharga bagi mereka untuk <strong style=\"animation:0s ease 0s 1 normal none running none;appearance:none;background-color:rgba(0, 0, 0, 0);border:0px none rgb(27, 28, 29);clear:none;clip:auto;color:rgb(27, 28, 29);columns:auto;contain:none;container:none;content:normal;cursor:auto;cx:0px;cy:0px;d:none;direction:ltr;display:inline;fill:rgb(0, 0, 0);filter:none;flex:0 1 auto;float:none;font-family:&quot;Google Sans Text&quot;, sans-serif !important;font-feature-settings:normal;font-kerning:auto;font-optical-sizing:auto;font-size-adjust:none;font-size:16px;font-stretch:normal;font-style:normal;font-variant:normal;font-variation-settings:normal;gap:normal;hyphens:manual;inset:auto;interactivity:auto;isolation:auto;line-height:1.15 !important;margin:0px !important 0px 0px;marker:none;mask:none;offset:normal;opacity:1;order:0;orphans:2;outline:rgb(27, 28, 29) none 0px;overlay:none;padding:0px;page:auto;perspective:none;position:static;quotes:auto;r:0px;resize:none;rotate:none;rx:auto;ry:auto;scale:none;speak:normal;stroke:none;transform:none;transition:all;translate:none;visibility:visible;widows:2;x:0px;y:0px;zoom:1;\">mengembangkan kreativitas, melatih fokus, dan membangun rasa percaya diri</strong>. Kami juga ingin memperkenalkan dan menanamkan cinta terhadap kearifan lokal Lamongan sejak dini.\"</p><p style=\"animation:0s ease 0s 1 normal none running none;appearance:none;background-color:rgba(0, 0, 0, 0);border:0px none rgb(27, 28, 29);clear:none;clip:auto;color:rgb(27, 28, 29);columns:auto;contain:none;container:none;content:normal;cursor:auto;cx:0px;cy:0px;d:none;direction:ltr;display:block;fill:rgb(0, 0, 0);filter:none;flex:0 1 auto;float:none;font-family:&quot;Google Sans Text&quot;, sans-serif !important;font-feature-settings:normal;font-kerning:auto;font-optical-sizing:auto;font-size-adjust:none;font-size:16px;font-stretch:normal;font-style:normal;font-variant:normal;font-variation-settings:normal;font-weight:normal;gap:normal;hyphens:manual;inset:auto;interactivity:auto;isolation:auto;line-height:1.15 !important;margin:0px !important 0px 16px;marker:none;mask:none;offset:normal;opacity:1;order:0;orphans:2;outline:rgb(27, 28, 29) none 0px;overlay:none;padding:0px;page:auto;perspective:none;position:static;quotes:auto;r:0px;resize:none;rotate:none;rx:auto;ry:auto;scale:none;speak:normal;stroke:none;transform:none;transition:all;translate:none;visibility:visible;widows:2;x:0px;y:0px;zoom:1;\" data-sourcepos=\"13:1-13:329\">Selama lomba berlangsung, anak-anak terlihat serius namun tetap menikmati setiap goresan warna. Beberapa di antaranya bahkan terlihat berdiskusi kecil dengan temannya tentang pilihan warna yang tepat. Para guru pendamping dan orang tua yang hadir memberikan dukungan penuh, sesekali memberikan semangat kepada putra-putri mereka.</p><p style=\"animation:0s ease 0s 1 normal none running none;appearance:none;background-color:rgba(0, 0, 0, 0);border:0px none rgb(27, 28, 29);clear:none;clip:auto;color:rgb(27, 28, 29);columns:auto;contain:none;container:none;content:normal;cursor:auto;cx:0px;cy:0px;d:none;direction:ltr;display:block;fill:rgb(0, 0, 0);filter:none;flex:0 1 auto;float:none;font-family:&quot;Google Sans Text&quot;, sans-serif !important;font-feature-settings:normal;font-kerning:auto;font-optical-sizing:auto;font-size-adjust:none;font-size:16px;font-stretch:normal;font-style:normal;font-variant:normal;font-variation-settings:normal;font-weight:normal;gap:normal;hyphens:manual;inset:auto;interactivity:auto;isolation:auto;line-height:1.15 !important;margin:0px !important 0px 16px;marker:none;mask:none;offset:normal;opacity:1;order:0;orphans:2;outline:rgb(27, 28, 29) none 0px;overlay:none;padding:0px;page:auto;perspective:none;position:static;quotes:auto;r:0px;resize:none;rotate:none;rx:auto;ry:auto;scale:none;speak:normal;stroke:none;transform:none;transition:all;translate:none;visibility:visible;widows:2;x:0px;y:0px;zoom:1;\" data-sourcepos=\"15:1-15:442\">Partisipasi dalam lomba mewarnai ini merupakan bagian dari upaya TK Dharma Wanita Lamongan untuk <strong style=\"animation:0s ease 0s 1 normal none running none;appearance:none;background-color:rgba(0, 0, 0, 0);border:0px none rgb(27, 28, 29);clear:none;clip:auto;color:rgb(27, 28, 29);columns:auto;contain:none;container:none;content:normal;cursor:auto;cx:0px;cy:0px;d:none;direction:ltr;display:inline;fill:rgb(0, 0, 0);filter:none;flex:0 1 auto;float:none;font-family:&quot;Google Sans Text&quot;, sans-serif !important;font-feature-settings:normal;font-kerning:auto;font-optical-sizing:auto;font-size-adjust:none;font-size:16px;font-stretch:normal;font-style:normal;font-variant:normal;font-variation-settings:normal;gap:normal;hyphens:manual;inset:auto;interactivity:auto;isolation:auto;line-height:1.15 !important;margin:0px !important 0px 0px;marker:none;mask:none;offset:normal;opacity:1;order:0;orphans:2;outline:rgb(27, 28, 29) none 0px;overlay:none;padding:0px;page:auto;perspective:none;position:static;quotes:auto;r:0px;resize:none;rotate:none;rx:auto;ry:auto;scale:none;speak:normal;stroke:none;transform:none;transition:all;translate:none;visibility:visible;widows:2;x:0px;y:0px;zoom:1;\">mengasah potensi non-akademik</strong> anak didiknya. Diharapkan, melalui kegiatan semacam ini, anak-anak dapat tumbuh menjadi pribadi yang berani berekspresi, inovatif, dan mencintai lingkungan serta budayanya. Apapun hasilnya, semangat dan kebahagiaan yang terpancar dari wajah anak-anak TK Dharma Wanita Lamongan hari ini adalah kemenangan sejati.</p></div>','2025-05-25 00:08:55','2025-05-25 00:08:55'),
(3,'Ceria di Jam Makan Siang: TK Dharma Wanita Lamong Pare Kediri Laksanakan Program Makan Siang Gratis','thumbnails/ELidoKAtgka66O42rxuJ4AppWksFx4y9BxGlbtcv.jpg','<div class=\"markdown markdown-main-panel stronger enable-updated-hr-color\" style=\"--animation-duration:400ms;--fade-animation-function:linear;animation:0s ease 0s 1 normal none running none;appearance:none;background-color:rgba(0, 0, 0, 0);border:0px none rgb(27, 28, 29);clear:none;clip:auto;color:rgb(27, 28, 29);columns:auto;contain:none;container:none;content:normal;cursor:auto;cx:0px;cy:0px;d:none;direction:ltr;display:block;fill:rgb(0, 0, 0);filter:none;flex:0 1 auto;float:none;font-family:&quot;Google Sans Text&quot;, sans-serif !important;font-feature-settings:normal;font-kerning:auto;font-optical-sizing:auto;font-size-adjust:none;font-size:16px;font-stretch:normal;font-style:normal;font-variant:normal;font-variation-settings:normal;font-weight:normal;gap:normal;hyphens:manual;inset:auto;interactivity:auto;isolation:auto;line-height:1.15 !important;margin:0px !important 0px 0px;marker:none;mask:none;offset:normal;opacity:1;order:0;orphans:2;outline:rgb(27, 28, 29) none 0px;overlay:none;padding:0px;page:auto;perspective:none;position:static;quotes:auto;r:0px;resize:none;rotate:none;rx:auto;ry:auto;scale:none;speak:normal;stroke:none;transform:none;transition:all;translate:none;visibility:visible;widows:2;x:0px;y:0px;zoom:1;\" _ngcontent-ng-c4137392166=\"\" id=\"model-response-message-contentr_5b6366ae816a83e7\" dir=\"ltr\"><p style=\"animation:0s ease 0s 1 normal none running none;appearance:none;background-color:rgba(0, 0, 0, 0);border:0px none rgb(27, 28, 29);clear:none;clip:auto;color:rgb(27, 28, 29);columns:auto;contain:none;container:none;content:normal;cursor:auto;cx:0px;cy:0px;d:none;direction:ltr;display:block;fill:rgb(0, 0, 0);filter:none;flex:0 1 auto;float:none;font-family:&quot;Google Sans Text&quot;, sans-serif !important;font-feature-settings:normal;font-kerning:auto;font-optical-sizing:auto;font-size-adjust:none;font-size:16px;font-stretch:normal;font-style:normal;font-variant:normal;font-variation-settings:normal;font-weight:normal;gap:normal;hyphens:manual;inset:auto;interactivity:auto;isolation:auto;line-height:1.15 !important;margin:0px !important 0px 16px;marker:none;mask:none;offset:normal;opacity:1;order:0;orphans:2;outline:rgb(27, 28, 29) none 0px;overlay:none;padding:0px;page:auto;perspective:none;position:static;quotes:auto;r:0px;resize:none;rotate:none;rx:auto;ry:auto;scale:none;speak:normal;stroke:none;transform:none;transition:all;translate:none;visibility:visible;widows:2;x:0px;y:0px;zoom:1;\" data-sourcepos=\"7:1-7:472\"><strong style=\"animation:0s ease 0s 1 normal none running none;appearance:none;background-color:rgba(0, 0, 0, 0);border:0px none rgb(27, 28, 29);clear:none;clip:auto;color:rgb(27, 28, 29);columns:auto;contain:none;container:none;content:normal;cursor:auto;cx:0px;cy:0px;d:none;direction:ltr;display:inline;fill:rgb(0, 0, 0);filter:none;flex:0 1 auto;float:none;font-family:&quot;Google Sans Text&quot;, sans-serif !important;font-feature-settings:normal;font-kerning:auto;font-optical-sizing:auto;font-size-adjust:none;font-size:16px;font-stretch:normal;font-style:normal;font-variant:normal;font-variation-settings:normal;gap:normal;hyphens:manual;inset:auto;interactivity:auto;isolation:auto;line-height:1.15 !important;margin:0px !important 0px 0px;marker:none;mask:none;offset:normal;opacity:1;order:0;orphans:2;outline:rgb(27, 28, 29) none 0px;overlay:none;padding:0px;page:auto;perspective:none;position:static;quotes:auto;r:0px;resize:none;rotate:none;rx:auto;ry:auto;scale:none;speak:normal;stroke:none;transform:none;transition:all;translate:none;visibility:visible;widows:2;x:0px;y:0px;zoom:1;\">Kediri, 25 Mei 2025</strong> – Suasana gembira dan penuh kehangatan menyelimuti Taman Kanak-Kanak (TK) Dharma Wanita Lamong, Pare, Kediri, siang ini. Seluruh siswa-siswi tampak antusias mengikuti kegiatan <strong style=\"animation:0s ease 0s 1 normal none running none;appearance:none;background-color:rgba(0, 0, 0, 0);border:0px none rgb(27, 28, 29);clear:none;clip:auto;color:rgb(27, 28, 29);columns:auto;contain:none;container:none;content:normal;cursor:auto;cx:0px;cy:0px;d:none;direction:ltr;display:inline;fill:rgb(0, 0, 0);filter:none;flex:0 1 auto;float:none;font-family:&quot;Google Sans Text&quot;, sans-serif !important;font-feature-settings:normal;font-kerning:auto;font-optical-sizing:auto;font-size-adjust:none;font-size:16px;font-stretch:normal;font-style:normal;font-variant:normal;font-variation-settings:normal;gap:normal;hyphens:manual;inset:auto;interactivity:auto;isolation:auto;line-height:1.15 !important;margin:0px !important 0px 0px;marker:none;mask:none;offset:normal;opacity:1;order:0;orphans:2;outline:rgb(27, 28, 29) none 0px;overlay:none;padding:0px;page:auto;perspective:none;position:static;quotes:auto;r:0px;resize:none;rotate:none;rx:auto;ry:auto;scale:none;speak:normal;stroke:none;transform:none;transition:all;translate:none;visibility:visible;widows:2;x:0px;y:0px;zoom:1;\">program makan siang gratis</strong> yang rutin diselenggarakan oleh pihak sekolah. Inisiatif ini bertujuan untuk memastikan setiap anak mendapatkan asupan gizi yang cukup, mendukung tumbuh kembang optimal, serta menciptakan suasana belajar yang lebih kondusif dan menyenangkan.</p><p style=\"animation:0s ease 0s 1 normal none running none;appearance:none;background-color:rgba(0, 0, 0, 0);border:0px none rgb(27, 28, 29);clear:none;clip:auto;color:rgb(27, 28, 29);columns:auto;contain:none;container:none;content:normal;cursor:auto;cx:0px;cy:0px;d:none;direction:ltr;display:block;fill:rgb(0, 0, 0);filter:none;flex:0 1 auto;float:none;font-family:&quot;Google Sans Text&quot;, sans-serif !important;font-feature-settings:normal;font-kerning:auto;font-optical-sizing:auto;font-size-adjust:none;font-size:16px;font-stretch:normal;font-style:normal;font-variant:normal;font-variation-settings:normal;font-weight:normal;gap:normal;hyphens:manual;inset:auto;interactivity:auto;isolation:auto;line-height:1.15 !important;margin:0px !important 0px 16px;marker:none;mask:none;offset:normal;opacity:1;order:0;orphans:2;outline:rgb(27, 28, 29) none 0px;overlay:none;padding:0px;page:auto;perspective:none;position:static;quotes:auto;r:0px;resize:none;rotate:none;rx:auto;ry:auto;scale:none;speak:normal;stroke:none;transform:none;transition:all;translate:none;visibility:visible;widows:2;x:0px;y:0px;zoom:1;\" data-sourcepos=\"9:1-9:466\">Program makan siang gratis di TK Dharma Wanita Lamong ini merupakan wujud komitmen sekolah dalam mendukung kesehatan dan kesejahteraan anak didiknya. Setiap hari, menu makanan yang disajikan telah dirancang dengan cermat, kaya gizi, dan disesuaikan dengan kebutuhan anak usia dini. Hari ini, misalnya, anak-anak menikmati [<strong style=\"animation:0s ease 0s 1 normal none running none;appearance:none;background-color:rgba(0, 0, 0, 0);border:0px none rgb(27, 28, 29);clear:none;clip:auto;color:rgb(27, 28, 29);columns:auto;contain:none;container:none;content:normal;cursor:auto;cx:0px;cy:0px;d:none;direction:ltr;display:inline;fill:rgb(0, 0, 0);filter:none;flex:0 1 auto;float:none;font-family:&quot;Google Sans Text&quot;, sans-serif !important;font-feature-settings:normal;font-kerning:auto;font-optical-sizing:auto;font-size-adjust:none;font-size:16px;font-stretch:normal;font-style:normal;font-variant:normal;font-variation-settings:normal;gap:normal;hyphens:manual;inset:auto;interactivity:auto;isolation:auto;line-height:1.15 !important;margin:0px !important 0px 0px;marker:none;mask:none;offset:normal;opacity:1;order:0;orphans:2;outline:rgb(27, 28, 29) none 0px;overlay:none;padding:0px;page:auto;perspective:none;position:static;quotes:auto;r:0px;resize:none;rotate:none;rx:auto;ry:auto;scale:none;speak:normal;stroke:none;transform:none;transition:all;translate:none;visibility:visible;widows:2;x:0px;y:0px;zoom:1;\">Contoh Menu Hari Ini, misal: nasi dengan lauk ayam goreng, sayur bening, dan buah pisang</strong>], yang disiapkan dengan standar kebersihan tinggi.</p><p style=\"animation:0s ease 0s 1 normal none running none;appearance:none;background-color:rgba(0, 0, 0, 0);border:0px none rgb(27, 28, 29);clear:none;clip:auto;color:rgb(27, 28, 29);columns:auto;contain:none;container:none;content:normal;cursor:auto;cx:0px;cy:0px;d:none;direction:ltr;display:block;fill:rgb(0, 0, 0);filter:none;flex:0 1 auto;float:none;font-family:&quot;Google Sans Text&quot;, sans-serif !important;font-feature-settings:normal;font-kerning:auto;font-optical-sizing:auto;font-size-adjust:none;font-size:16px;font-stretch:normal;font-style:normal;font-variant:normal;font-variation-settings:normal;font-weight:normal;gap:normal;hyphens:manual;inset:auto;interactivity:auto;isolation:auto;line-height:1.15 !important;margin:0px !important 0px 16px;marker:none;mask:none;offset:normal;opacity:1;order:0;orphans:2;outline:rgb(27, 28, 29) none 0px;overlay:none;padding:0px;page:auto;perspective:none;position:static;quotes:auto;r:0px;resize:none;rotate:none;rx:auto;ry:auto;scale:none;speak:normal;stroke:none;transform:none;transition:all;translate:none;visibility:visible;widows:2;x:0px;y:0px;zoom:1;\" data-sourcepos=\"11:1-11:374\">Ibu <strong style=\"animation:0s ease 0s 1 normal none running none;appearance:none;background-color:rgba(0, 0, 0, 0);border:0px none rgb(27, 28, 29);clear:none;clip:auto;color:rgb(27, 28, 29);columns:auto;contain:none;container:none;content:normal;cursor:auto;cx:0px;cy:0px;d:none;direction:ltr;display:inline;fill:rgb(0, 0, 0);filter:none;flex:0 1 auto;float:none;font-family:&quot;Google Sans Text&quot;, sans-serif !important;font-feature-settings:normal;font-kerning:auto;font-optical-sizing:auto;font-size-adjust:none;font-size:16px;font-stretch:normal;font-style:normal;font-variant:normal;font-variation-settings:normal;gap:normal;hyphens:manual;inset:auto;interactivity:auto;isolation:auto;line-height:1.15 !important;margin:0px !important 0px 0px;marker:none;mask:none;offset:normal;opacity:1;order:0;orphans:2;outline:rgb(27, 28, 29) none 0px;overlay:none;padding:0px;page:auto;perspective:none;position:static;quotes:auto;r:0px;resize:none;rotate:none;rx:auto;ry:auto;scale:none;speak:normal;stroke:none;transform:none;transition:all;translate:none;visibility:visible;widows:2;x:0px;y:0px;zoom:1;\">Kepala Sekolah</strong>, Kepala TK Dharma Wanita Lamong, menyatakan, \"Kami sangat bersyukur dapat melaksanakan program makan siang gratis ini. Kami percaya bahwa asupan gizi yang baik sangat fundamental bagi perkembangan kognitif dan fisik anak-anak. Dengan perut kenyang dan gizi terpenuhi, mereka bisa lebih fokus belajar, bermain, dan berinteraksi di sekolah.\"</p><p style=\"animation:0s ease 0s 1 normal none running none;appearance:none;background-color:rgba(0, 0, 0, 0);border:0px none rgb(27, 28, 29);clear:none;clip:auto;color:rgb(27, 28, 29);columns:auto;contain:none;container:none;content:normal;cursor:auto;cx:0px;cy:0px;d:none;direction:ltr;display:block;fill:rgb(0, 0, 0);filter:none;flex:0 1 auto;float:none;font-family:&quot;Google Sans Text&quot;, sans-serif !important;font-feature-settings:normal;font-kerning:auto;font-optical-sizing:auto;font-size-adjust:none;font-size:16px;font-stretch:normal;font-style:normal;font-variant:normal;font-variation-settings:normal;font-weight:normal;gap:normal;hyphens:manual;inset:auto;interactivity:auto;isolation:auto;line-height:1.15 !important;margin:0px !important 0px 16px;marker:none;mask:none;offset:normal;opacity:1;order:0;orphans:2;outline:rgb(27, 28, 29) none 0px;overlay:none;padding:0px;page:auto;perspective:none;position:static;quotes:auto;r:0px;resize:none;rotate:none;rx:auto;ry:auto;scale:none;speak:normal;stroke:none;transform:none;transition:all;translate:none;visibility:visible;widows:2;x:0px;y:0px;zoom:1;\" data-sourcepos=\"13:1-13:372\">Lebih lanjut, <strong>Kepala sekolah</strong> menambahkan bahwa program ini juga memiliki dampak positif dalam mengajarkan anak-anak tentang <strong style=\"animation:0s ease 0s 1 normal none running none;appearance:none;background-color:rgba(0, 0, 0, 0);border:0px none rgb(27, 28, 29);clear:none;clip:auto;color:rgb(27, 28, 29);columns:auto;contain:none;container:none;content:normal;cursor:auto;cx:0px;cy:0px;d:none;direction:ltr;display:inline;fill:rgb(0, 0, 0);filter:none;flex:0 1 auto;float:none;font-family:&quot;Google Sans Text&quot;, sans-serif !important;font-feature-settings:normal;font-kerning:auto;font-optical-sizing:auto;font-size-adjust:none;font-size:16px;font-stretch:normal;font-style:normal;font-variant:normal;font-variation-settings:normal;gap:normal;hyphens:manual;inset:auto;interactivity:auto;isolation:auto;line-height:1.15 !important;margin:0px !important 0px 0px;marker:none;mask:none;offset:normal;opacity:1;order:0;orphans:2;outline:rgb(27, 28, 29) none 0px;overlay:none;padding:0px;page:auto;perspective:none;position:static;quotes:auto;r:0px;resize:none;rotate:none;rx:auto;ry:auto;scale:none;speak:normal;stroke:none;transform:none;transition:all;translate:none;visibility:visible;widows:2;x:0px;y:0px;zoom:1;\">pentingnya kebersamaan dan etika makan</strong>. Sebelum menyantap hidangan, anak-anak diajarkan untuk mencuci tangan, berdoa, dan makan dengan tertib. Mereka juga didorong untuk menghabiskan makanan dan belajar berbagi dengan teman.</p><p style=\"animation:0s ease 0s 1 normal none running none;appearance:none;background-color:rgba(0, 0, 0, 0);border:0px none rgb(27, 28, 29);clear:none;clip:auto;color:rgb(27, 28, 29);columns:auto;contain:none;container:none;content:normal;cursor:auto;cx:0px;cy:0px;d:none;direction:ltr;display:block;fill:rgb(0, 0, 0);filter:none;flex:0 1 auto;float:none;font-family:&quot;Google Sans Text&quot;, sans-serif !important;font-feature-settings:normal;font-kerning:auto;font-optical-sizing:auto;font-size-adjust:none;font-size:16px;font-stretch:normal;font-style:normal;font-variant:normal;font-variation-settings:normal;font-weight:normal;gap:normal;hyphens:manual;inset:auto;interactivity:auto;isolation:auto;line-height:1.15 !important;margin:0px !important 0px 16px;marker:none;mask:none;offset:normal;opacity:1;order:0;orphans:2;outline:rgb(27, 28, 29) none 0px;overlay:none;padding:0px;page:auto;perspective:none;position:static;quotes:auto;r:0px;resize:none;rotate:none;rx:auto;ry:auto;scale:none;speak:normal;stroke:none;transform:none;transition:all;translate:none;visibility:visible;widows:2;x:0px;y:0px;zoom:1;\" data-sourcepos=\"15:1-15:280\">Pemandangan saat makan siang begitu mengharukan. Anak-anak yang biasanya aktif berlarian, kini duduk manis di meja makan, saling berbagi cerita sambil menikmati hidangan. Tawa riang dan celotehan polos mereka mengisi ruang makan, menciptakan ikatan persahabatan yang semakin erat.</p><p style=\"animation:0s ease 0s 1 normal none running none;appearance:none;background-color:rgba(0, 0, 0, 0);border:0px none rgb(27, 28, 29);clear:none;clip:auto;color:rgb(27, 28, 29);columns:auto;contain:none;container:none;content:normal;cursor:auto;cx:0px;cy:0px;d:none;direction:ltr;display:block;fill:rgb(0, 0, 0);filter:none;flex:0 1 auto;float:none;font-family:&quot;Google Sans Text&quot;, sans-serif !important;font-feature-settings:normal;font-kerning:auto;font-optical-sizing:auto;font-size-adjust:none;font-size:16px;font-stretch:normal;font-style:normal;font-variant:normal;font-variation-settings:normal;font-weight:normal;gap:normal;hyphens:manual;inset:auto;interactivity:auto;isolation:auto;line-height:1.15 !important;margin:0px !important 0px 16px;marker:none;mask:none;offset:normal;opacity:1;order:0;orphans:2;outline:rgb(27, 28, 29) none 0px;overlay:none;padding:0px;page:auto;perspective:none;position:static;quotes:auto;r:0px;resize:none;rotate:none;rx:auto;ry:auto;scale:none;speak:normal;stroke:none;transform:none;transition:all;translate:none;visibility:visible;widows:2;x:0px;y:0px;zoom:1;\" data-sourcepos=\"17:1-17:345\">Orang tua siswa pun menyambut baik program ini. Salah satu wali murid, Ibu<strong style=\"animation:0s ease 0s 1 normal none running none;appearance:none;background-color:rgba(0, 0, 0, 0);border:0px none rgb(27, 28, 29);clear:none;clip:auto;color:rgb(27, 28, 29);columns:auto;contain:none;container:none;content:normal;cursor:auto;cx:0px;cy:0px;d:none;direction:ltr;display:inline;fill:rgb(0, 0, 0);filter:none;flex:0 1 auto;float:none;font-family:&quot;Google Sans Text&quot;, sans-serif !important;font-feature-settings:normal;font-kerning:auto;font-optical-sizing:auto;font-size-adjust:none;font-size:16px;font-stretch:normal;font-style:normal;font-variant:normal;font-variation-settings:normal;gap:normal;hyphens:manual;inset:auto;interactivity:auto;isolation:auto;line-height:1.15 !important;margin:0px !important 0px 0px;marker:none;mask:none;offset:normal;opacity:1;order:0;orphans:2;outline:rgb(27, 28, 29) none 0px;overlay:none;padding:0px;page:auto;perspective:none;position:static;quotes:auto;r:0px;resize:none;rotate:none;rx:auto;ry:auto;scale:none;speak:normal;stroke:none;transform:none;transition:all;translate:none;visibility:visible;widows:2;x:0px;y:0px;zoom:1;\"> Fitri</strong>, mengungkapkan, \"Program ini sangat membantu kami, terutama bagi orang tua yang sibuk. Kami tidak perlu khawatir lagi tentang bekal anak, dan yang terpenting, kami tahu anak kami mendapatkan makanan yang bergizi dan sehat di sekolah.\"</p><p style=\"animation:0s ease 0s 1 normal none running none;appearance:none;background-color:rgba(0, 0, 0, 0);border:0px none rgb(27, 28, 29);clear:none;clip:auto;color:rgb(27, 28, 29);columns:auto;contain:none;container:none;content:normal;cursor:auto;cx:0px;cy:0px;d:none;direction:ltr;display:block;fill:rgb(0, 0, 0);filter:none;flex:0 1 auto;float:none;font-family:&quot;Google Sans Text&quot;, sans-serif !important;font-feature-settings:normal;font-kerning:auto;font-optical-sizing:auto;font-size-adjust:none;font-size:16px;font-stretch:normal;font-style:normal;font-variant:normal;font-variation-settings:normal;font-weight:normal;gap:normal;hyphens:manual;inset:auto;interactivity:auto;isolation:auto;line-height:1.15 !important;margin:0px !important 0px 16px;marker:none;mask:none;offset:normal;opacity:1;order:0;orphans:2;outline:rgb(27, 28, 29) none 0px;overlay:none;padding:0px;page:auto;perspective:none;position:static;quotes:auto;r:0px;resize:none;rotate:none;rx:auto;ry:auto;scale:none;speak:normal;stroke:none;transform:none;transition:all;translate:none;visibility:visible;widows:2;x:0px;y:0px;zoom:1;\" data-sourcepos=\"19:1-19:398\">Dengan adanya program makan siang gratis ini, TK Dharma Wanita Lamong, Pare, Kediri, tidak hanya menjadi tempat untuk belajar ilmu pengetahuan, tetapi juga menjadi rumah kedua yang peduli terhadap tumbuh kembang holistik setiap siswanya. Diharapkan, inisiatif positif ini dapat terus berjalan dan menginspirasi lembaga pendidikan lain untuk memberikan dukungan terbaik bagi generasi penerus bangsa.</p><figure class=\"image\"><img style=\"aspect-ratio:800/533;\" src=\"http://127.0.0.1:8000/storage/media/1748132709_u7q1kncc77z3n0k.jpeg\" width=\"800\" height=\"533\"></figure><figure class=\"image\"><img style=\"aspect-ratio:653/366;\" src=\"http://127.0.0.1:8000/storage/media/1748132710_73316-menu-makan-gratis-di-sekolah-tk-korea-selatan-xprimawansatrio.jpg\" width=\"653\" height=\"366\"></figure><p>&nbsp;</p><p style=\"animation:0s ease 0s 1 normal none running none;appearance:none;background-color:rgba(0, 0, 0, 0);border:0px none rgb(27, 28, 29);clear:none;clip:auto;color:rgb(27, 28, 29);columns:auto;contain:none;container:none;content:normal;cursor:auto;cx:0px;cy:0px;d:none;direction:ltr;display:block;fill:rgb(0, 0, 0);filter:none;flex:0 1 auto;float:none;font-family:&quot;Google Sans Text&quot;, sans-serif !important;font-feature-settings:normal;font-kerning:auto;font-optical-sizing:auto;font-size-adjust:none;font-size:16px;font-stretch:normal;font-style:normal;font-variant:normal;font-variation-settings:normal;font-weight:normal;gap:normal;hyphens:manual;inset:auto;interactivity:auto;isolation:auto;line-height:1.15 !important;margin:0px !important 0px 16px;marker:none;mask:none;offset:normal;opacity:1;order:0;orphans:2;outline:rgb(27, 28, 29) none 0px;overlay:none;padding:0px;page:auto;perspective:none;position:static;quotes:auto;r:0px;resize:none;rotate:none;rx:auto;ry:auto;scale:none;speak:normal;stroke:none;transform:none;transition:all;translate:none;visibility:visible;widows:2;x:0px;y:0px;zoom:1;\" data-sourcepos=\"19:1-19:398\">&nbsp;</p></div>','2025-05-25 00:25:12','2025-05-26 04:21:17');

/*Table structure for table `cache` */

DROP TABLE IF EXISTS `cache`;

CREATE TABLE `cache` (
  `key` varchar(255) COLLATE utf8mb4_unicode_ci NOT NULL,
  `value` mediumtext COLLATE utf8mb4_unicode_ci NOT NULL,
  `expiration` int NOT NULL,
  PRIMARY KEY (`key`)
) ENGINE=InnoDB DEFAULT CHARSET=utf8mb4 COLLATE=utf8mb4_unicode_ci;

/*Data for the table `cache` */

/*Table structure for table `cache_locks` */

DROP TABLE IF EXISTS `cache_locks`;

CREATE TABLE `cache_locks` (
  `key` varchar(255) COLLATE utf8mb4_unicode_ci NOT NULL,
  `owner` varchar(255) COLLATE utf8mb4_unicode_ci NOT NULL,
  `expiration` int NOT NULL,
  PRIMARY KEY (`key`)
) ENGINE=InnoDB DEFAULT CHARSET=utf8mb4 COLLATE=utf8mb4_unicode_ci;

/*Data for the table `cache_locks` */

/*Table structure for table `failed_jobs` */

DROP TABLE IF EXISTS `failed_jobs`;

CREATE TABLE `failed_jobs` (
  `id` bigint unsigned NOT NULL AUTO_INCREMENT,
  `uuid` varchar(255) COLLATE utf8mb4_unicode_ci NOT NULL,
  `connection` text COLLATE utf8mb4_unicode_ci NOT NULL,
  `queue` text COLLATE utf8mb4_unicode_ci NOT NULL,
  `payload` longtext COLLATE utf8mb4_unicode_ci NOT NULL,
  `exception` longtext COLLATE utf8mb4_unicode_ci NOT NULL,
  `failed_at` timestamp NOT NULL DEFAULT CURRENT_TIMESTAMP,
  PRIMARY KEY (`id`),
  UNIQUE KEY `failed_jobs_uuid_unique` (`uuid`)
) ENGINE=InnoDB DEFAULT CHARSET=utf8mb4 COLLATE=utf8mb4_unicode_ci;

/*Data for the table `failed_jobs` */

/*Table structure for table `gurus` */

DROP TABLE IF EXISTS `gurus`;

CREATE TABLE `gurus` (
  `id` bigint unsigned NOT NULL AUTO_INCREMENT,
  `name` varchar(255) COLLATE utf8mb4_unicode_ci NOT NULL,
  `position` varchar(255) COLLATE utf8mb4_unicode_ci NOT NULL,
  `image` varchar(255) COLLATE utf8mb4_unicode_ci DEFAULT NULL,
  `created_at` timestamp NULL DEFAULT NULL,
  `updated_at` timestamp NULL DEFAULT NULL,
  PRIMARY KEY (`id`)
) ENGINE=InnoDB AUTO_INCREMENT=6 DEFAULT CHARSET=utf8mb4 COLLATE=utf8mb4_unicode_ci;

/*Data for the table `gurus` */

insert  into `gurus`(`id`,`name`,`position`,`image`,`created_at`,`updated_at`) values 
(1,'SITI INNAMANASIROH, S.Pd','Kepala Sekolah','img/guru1.jpeg','2025-05-24 22:00:01','2025-05-24 22:00:01'),
(2,'INAYATUL KHUSNA, S.Pd','Guru Kelas B','img/guru2.jpeg','2025-05-24 22:00:01','2025-05-24 22:00:01'),
(3,'FATIMATUZ ZAHRO\' KUSUMA WARDANI, S.Pd','Guru Kelas A','img/guru3.jpeg','2025-05-24 22:00:01','2025-05-24 22:00:01'),
(4,'JAMILATUL KHOFAH, S.Ag','Guru Kelas B','img/guru4.jpeg','2025-05-24 22:00:01','2025-05-24 22:00:01'),
(5,'FEBRIOLA SAFITRI','Guru Kelas A','img/guru5.jpeg','2025-05-24 22:00:01','2025-05-24 22:00:01');

/*Table structure for table `job_batches` */

DROP TABLE IF EXISTS `job_batches`;

CREATE TABLE `job_batches` (
  `id` varchar(255) COLLATE utf8mb4_unicode_ci NOT NULL,
  `name` varchar(255) COLLATE utf8mb4_unicode_ci NOT NULL,
  `total_jobs` int NOT NULL,
  `pending_jobs` int NOT NULL,
  `failed_jobs` int NOT NULL,
  `failed_job_ids` longtext COLLATE utf8mb4_unicode_ci NOT NULL,
  `options` mediumtext COLLATE utf8mb4_unicode_ci,
  `cancelled_at` int DEFAULT NULL,
  `created_at` int NOT NULL,
  `finished_at` int DEFAULT NULL,
  PRIMARY KEY (`id`)
) ENGINE=InnoDB DEFAULT CHARSET=utf8mb4 COLLATE=utf8mb4_unicode_ci;

/*Data for the table `job_batches` */

/*Table structure for table `jobs` */

DROP TABLE IF EXISTS `jobs`;

CREATE TABLE `jobs` (
  `id` bigint unsigned NOT NULL AUTO_INCREMENT,
  `queue` varchar(255) COLLATE utf8mb4_unicode_ci NOT NULL,
  `payload` longtext COLLATE utf8mb4_unicode_ci NOT NULL,
  `attempts` tinyint unsigned NOT NULL,
  `reserved_at` int unsigned DEFAULT NULL,
  `available_at` int unsigned NOT NULL,
  `created_at` int unsigned NOT NULL,
  PRIMARY KEY (`id`),
  KEY `jobs_queue_index` (`queue`)
) ENGINE=InnoDB DEFAULT CHARSET=utf8mb4 COLLATE=utf8mb4_unicode_ci;

/*Data for the table `jobs` */

/*Table structure for table `migrations` */

DROP TABLE IF EXISTS `migrations`;

CREATE TABLE `migrations` (
  `id` int unsigned NOT NULL AUTO_INCREMENT,
  `migration` varchar(255) COLLATE utf8mb4_unicode_ci NOT NULL,
  `batch` int NOT NULL,
  PRIMARY KEY (`id`)
) ENGINE=InnoDB AUTO_INCREMENT=18 DEFAULT CHARSET=utf8mb4 COLLATE=utf8mb4_unicode_ci;

/*Data for the table `migrations` */

insert  into `migrations`(`id`,`migration`,`batch`) values 
(1,'0001_01_01_000000_create_users_table',1),
(2,'0001_01_01_000001_create_cache_table',1),
(3,'0001_01_01_000002_create_jobs_table',1),
(4,'2025_05_02_124418_create_artikels_table',1),
(5,'2025_05_03_050925_create_orangtuas_table',1),
(6,'2025_05_03_075118_create_pesertadidiks_table',1),
(7,'2025_05_08_090547_create_statusgizis_table',1),
(8,'2025_05_14_130514_create_gurus_table',1),
(9,'2025_05_17_173719_add_userid_to_orangtuas',1),
(10,'2025_05_17_190244_add_nickname_to_orangtuas',1),
(11,'2025_05_19_193138_add_file_penilaian_to_peserta_didik_table',1),
(12,'2025_05_20_071914_create_permission_tables',1),
(13,'2025_05_20_080531_add_notelp_to_users',1),
(14,'2025_05_20_080728_add_alamat_to_users',1),
(15,'2025_05_20_080919_add_emailortu_to_users',1),
(16,'2025_05_20_080940_add_emailortu_to_orangtuas',1),
(17,'2025_06_01_000000_add_username_and_role_to_users_table',1);

/*Table structure for table `model_has_permissions` */

DROP TABLE IF EXISTS `model_has_permissions`;

CREATE TABLE `model_has_permissions` (
  `permission_id` bigint unsigned NOT NULL,
  `model_type` varchar(255) COLLATE utf8mb4_unicode_ci NOT NULL,
  `model_id` bigint unsigned NOT NULL,
  PRIMARY KEY (`permission_id`,`model_id`,`model_type`),
  KEY `model_has_permissions_model_id_model_type_index` (`model_id`,`model_type`),
  CONSTRAINT `model_has_permissions_permission_id_foreign` FOREIGN KEY (`permission_id`) REFERENCES `permissions` (`id`) ON DELETE CASCADE
) ENGINE=InnoDB DEFAULT CHARSET=utf8mb4 COLLATE=utf8mb4_unicode_ci;

/*Data for the table `model_has_permissions` */

/*Table structure for table `model_has_roles` */

DROP TABLE IF EXISTS `model_has_roles`;

CREATE TABLE `model_has_roles` (
  `role_id` bigint unsigned NOT NULL,
  `model_type` varchar(255) COLLATE utf8mb4_unicode_ci NOT NULL,
  `model_id` bigint unsigned NOT NULL,
  PRIMARY KEY (`role_id`,`model_id`,`model_type`),
  KEY `model_has_roles_model_id_model_type_index` (`model_id`,`model_type`),
  CONSTRAINT `model_has_roles_role_id_foreign` FOREIGN KEY (`role_id`) REFERENCES `roles` (`id`) ON DELETE CASCADE
) ENGINE=InnoDB DEFAULT CHARSET=utf8mb4 COLLATE=utf8mb4_unicode_ci;

/*Data for the table `model_has_roles` */

insert  into `model_has_roles`(`role_id`,`model_type`,`model_id`) values 
(1,'App\\Models\\User',1),
(2,'App\\Models\\User',2),
(3,'App\\Models\\User',3),
(2,'App\\Models\\User',4),
(2,'App\\Models\\User',5),
(2,'App\\Models\\User',6);

/*Table structure for table `orangtuas` */

DROP TABLE IF EXISTS `orangtuas`;

CREATE TABLE `orangtuas` (
  `id` bigint unsigned NOT NULL AUTO_INCREMENT,
  `user_id` bigint unsigned NOT NULL,
  `namaortu` varchar(255) COLLATE utf8mb4_unicode_ci NOT NULL,
  `nickname` varchar(255) COLLATE utf8mb4_unicode_ci DEFAULT NULL,
  `notelportu` varchar(255) COLLATE utf8mb4_unicode_ci NOT NULL,
  `emailortu` varchar(255) COLLATE utf8mb4_unicode_ci DEFAULT NULL,
  `alamat` varchar(255) COLLATE utf8mb4_unicode_ci NOT NULL,
  `created_at` timestamp NULL DEFAULT NULL,
  `updated_at` timestamp NULL DEFAULT NULL,
  PRIMARY KEY (`id`),
  UNIQUE KEY `orangtuas_user_id_unique` (`user_id`),
  CONSTRAINT `orangtuas_user_id_foreign` FOREIGN KEY (`user_id`) REFERENCES `users` (`id`) ON DELETE CASCADE
) ENGINE=InnoDB AUTO_INCREMENT=4 DEFAULT CHARSET=utf8mb4 COLLATE=utf8mb4_unicode_ci;

/*Data for the table `orangtuas` */

insert  into `orangtuas`(`id`,`user_id`,`namaortu`,`nickname`,`notelportu`,`emailortu`,`alamat`,`created_at`,`updated_at`) values 
(1,4,'Rendi Sabilah','Rendi','087753836652','rendi-sabilah@orangtua.com','Ds.Karanganom Kec.Durenan Kab.Trenggalek','2025-05-25 04:28:36','2025-05-25 04:28:36'),
(2,5,'Siti Mulandari','Mulan','082265465454','siti-mulandari@orangtua.com','Ds.Winosari,Kec Durenan Kab Trenggalek','2025-05-25 04:30:03','2025-05-25 04:30:03'),
(3,6,'Doni Supriawan','Doni','087712123434','doni-supriawan@orangtua.com','Kediri','2025-05-26 05:16:58','2025-05-26 05:16:58');

/*Table structure for table `password_reset_tokens` */

DROP TABLE IF EXISTS `password_reset_tokens`;

CREATE TABLE `password_reset_tokens` (
  `email` varchar(255) COLLATE utf8mb4_unicode_ci NOT NULL,
  `token` varchar(255) COLLATE utf8mb4_unicode_ci NOT NULL,
  `created_at` timestamp NULL DEFAULT NULL,
  PRIMARY KEY (`email`)
) ENGINE=InnoDB DEFAULT CHARSET=utf8mb4 COLLATE=utf8mb4_unicode_ci;

/*Data for the table `password_reset_tokens` */

/*Table structure for table `permissions` */

DROP TABLE IF EXISTS `permissions`;

CREATE TABLE `permissions` (
  `id` bigint unsigned NOT NULL AUTO_INCREMENT,
  `name` varchar(255) COLLATE utf8mb4_unicode_ci NOT NULL,
  `guard_name` varchar(255) COLLATE utf8mb4_unicode_ci NOT NULL,
  `created_at` timestamp NULL DEFAULT NULL,
  `updated_at` timestamp NULL DEFAULT NULL,
  PRIMARY KEY (`id`),
  UNIQUE KEY `permissions_name_guard_name_unique` (`name`,`guard_name`)
) ENGINE=InnoDB DEFAULT CHARSET=utf8mb4 COLLATE=utf8mb4_unicode_ci;

/*Data for the table `permissions` */

/*Table structure for table `pesertadidiks` */

DROP TABLE IF EXISTS `pesertadidiks`;

CREATE TABLE `pesertadidiks` (
  `nis` char(36) COLLATE utf8mb4_unicode_ci NOT NULL,
  `idortu` bigint unsigned NOT NULL,
  `namapd` varchar(255) COLLATE utf8mb4_unicode_ci NOT NULL,
  `tanggallahir` date NOT NULL,
  `jeniskelamin` varchar(255) COLLATE utf8mb4_unicode_ci NOT NULL,
  `kelas` varchar(255) COLLATE utf8mb4_unicode_ci NOT NULL,
  `fase` varchar(255) COLLATE utf8mb4_unicode_ci NOT NULL DEFAULT 'Pondasi',
  `tinggibadan` int NOT NULL,
  `beratbadan` int NOT NULL,
  `foto` varchar(255) COLLATE utf8mb4_unicode_ci DEFAULT NULL,
  `created_at` timestamp NULL DEFAULT NULL,
  `updated_at` timestamp NULL DEFAULT NULL,
  `file_penilaian` varchar(255) COLLATE utf8mb4_unicode_ci DEFAULT NULL,
  PRIMARY KEY (`nis`),
  KEY `pesertadidiks_idortu_foreign` (`idortu`),
  CONSTRAINT `pesertadidiks_idortu_foreign` FOREIGN KEY (`idortu`) REFERENCES `orangtuas` (`id`) ON DELETE CASCADE
) ENGINE=InnoDB DEFAULT CHARSET=utf8mb4 COLLATE=utf8mb4_unicode_ci;

/*Data for the table `pesertadidiks` */

insert  into `pesertadidiks`(`nis`,`idortu`,`namapd`,`tanggallahir`,`jeniskelamin`,`kelas`,`fase`,`tinggibadan`,`beratbadan`,`foto`,`created_at`,`updated_at`,`file_penilaian`) values 
('7028959536',2,'Siti Milana Puji Lestari','2020-01-16','Perempuan','C','Pondasi',120,18,'1748128104_6dcbb755d66a7c56799b80cf18e89674.jpg','2025-05-24 23:08:24','2025-05-24 23:23:59','penilaian/1748129039_Yellow and Black Vintage Sales Manager Resume_20250416_171343_0000.pdf'),
('8761960909',1,'Agung Hapsah','2020-04-09','Laki-laki','A','Pondasi',130,25,'1748128845_e2bc1e6ab6d889bd3c0519d8b69ffb04.jpg','2025-05-24 23:20:45','2025-05-26 05:27:35','penilaian/1748237255_14 SMBD - Event Scheduler.pdf');

/*Table structure for table `role_has_permissions` */

DROP TABLE IF EXISTS `role_has_permissions`;

CREATE TABLE `role_has_permissions` (
  `permission_id` bigint unsigned NOT NULL,
  `role_id` bigint unsigned NOT NULL,
  PRIMARY KEY (`permission_id`,`role_id`),
  KEY `role_has_permissions_role_id_foreign` (`role_id`),
  CONSTRAINT `role_has_permissions_permission_id_foreign` FOREIGN KEY (`permission_id`) REFERENCES `permissions` (`id`) ON DELETE CASCADE,
  CONSTRAINT `role_has_permissions_role_id_foreign` FOREIGN KEY (`role_id`) REFERENCES `roles` (`id`) ON DELETE CASCADE
) ENGINE=InnoDB DEFAULT CHARSET=utf8mb4 COLLATE=utf8mb4_unicode_ci;

/*Data for the table `role_has_permissions` */

/*Table structure for table `roles` */

DROP TABLE IF EXISTS `roles`;

CREATE TABLE `roles` (
  `id` bigint unsigned NOT NULL AUTO_INCREMENT,
  `name` varchar(255) COLLATE utf8mb4_unicode_ci NOT NULL,
  `guard_name` varchar(255) COLLATE utf8mb4_unicode_ci NOT NULL,
  `created_at` timestamp NULL DEFAULT NULL,
  `updated_at` timestamp NULL DEFAULT NULL,
  PRIMARY KEY (`id`),
  UNIQUE KEY `roles_name_guard_name_unique` (`name`,`guard_name`)
) ENGINE=InnoDB AUTO_INCREMENT=4 DEFAULT CHARSET=utf8mb4 COLLATE=utf8mb4_unicode_ci;

/*Data for the table `roles` */

insert  into `roles`(`id`,`name`,`guard_name`,`created_at`,`updated_at`) values 
(1,'guru','web','2025-05-25 04:17:38','2025-05-25 04:17:38'),
(2,'orangtua','web','2025-05-25 04:17:38','2025-05-25 04:17:38'),
(3,'guest','web','2025-05-25 04:17:38','2025-05-25 04:17:38');

/*Table structure for table `sessions` */

DROP TABLE IF EXISTS `sessions`;

CREATE TABLE `sessions` (
  `id` varchar(255) COLLATE utf8mb4_unicode_ci NOT NULL,
  `user_id` bigint unsigned DEFAULT NULL,
  `ip_address` varchar(45) COLLATE utf8mb4_unicode_ci DEFAULT NULL,
  `user_agent` text COLLATE utf8mb4_unicode_ci,
  `payload` longtext COLLATE utf8mb4_unicode_ci NOT NULL,
  `last_activity` int NOT NULL,
  PRIMARY KEY (`id`),
  KEY `sessions_user_id_index` (`user_id`),
  KEY `sessions_last_activity_index` (`last_activity`)
) ENGINE=InnoDB DEFAULT CHARSET=utf8mb4 COLLATE=utf8mb4_unicode_ci;

/*Data for the table `sessions` */

/*Table structure for table `statusgizis` */

DROP TABLE IF EXISTS `statusgizis`;

CREATE TABLE `statusgizis` (
  `idstatus` bigint unsigned NOT NULL AUTO_INCREMENT,
  `nis` char(36) COLLATE utf8mb4_unicode_ci NOT NULL,
  `z_score` double NOT NULL,
  `status` varchar(255) COLLATE utf8mb4_unicode_ci NOT NULL,
  `tanggalpembuatan` date NOT NULL,
  `created_at` timestamp NULL DEFAULT NULL,
  `updated_at` timestamp NULL DEFAULT NULL,
  PRIMARY KEY (`idstatus`),
  KEY `statusgizis_nis_foreign` (`nis`),
  CONSTRAINT `statusgizis_nis_foreign` FOREIGN KEY (`nis`) REFERENCES `pesertadidiks` (`nis`) ON DELETE CASCADE
) ENGINE=InnoDB AUTO_INCREMENT=4 DEFAULT CHARSET=utf8mb4 COLLATE=utf8mb4_unicode_ci;

/*Data for the table `statusgizis` */

insert  into `statusgizis`(`idstatus`,`nis`,`z_score`,`status`,`tanggalpembuatan`,`created_at`,`updated_at`) values 
(1,'7028959536',-2.077,'Gizi Kurang','2025-05-24','2025-05-24 23:15:03','2025-05-24 23:15:03'),
(2,'8761960909',-0.423,'Gizi Baik','2025-05-26','2025-05-26 05:20:40','2025-05-26 05:20:40'),
(3,'8761960909',-0.423,'Gizi Baik','2025-05-26','2025-05-26 05:21:24','2025-05-26 05:21:24');

/*Table structure for table `users` */

DROP TABLE IF EXISTS `users`;

CREATE TABLE `users` (
  `id` bigint unsigned NOT NULL AUTO_INCREMENT,
  `name` varchar(255) COLLATE utf8mb4_unicode_ci NOT NULL,
  `username` varchar(255) COLLATE utf8mb4_unicode_ci NOT NULL,
  `email` varchar(255) COLLATE utf8mb4_unicode_ci NOT NULL,
  `notelp` varchar(255) COLLATE utf8mb4_unicode_ci DEFAULT NULL,
  `alamat` varchar(255) COLLATE utf8mb4_unicode_ci DEFAULT NULL,
  `email_verified_at` timestamp NULL DEFAULT NULL,
  `password` varchar(255) COLLATE utf8mb4_unicode_ci NOT NULL,
  `role` enum('guru','orangtua') COLLATE utf8mb4_unicode_ci NOT NULL DEFAULT 'orangtua',
  `remember_token` varchar(100) COLLATE utf8mb4_unicode_ci DEFAULT NULL,
  `created_at` timestamp NULL DEFAULT NULL,
  `updated_at` timestamp NULL DEFAULT NULL,
  PRIMARY KEY (`id`),
  UNIQUE KEY `users_email_unique` (`email`)
) ENGINE=InnoDB AUTO_INCREMENT=7 DEFAULT CHARSET=utf8mb4 COLLATE=utf8mb4_unicode_ci;

/*Data for the table `users` */

insert  into `users`(`id`,`name`,`username`,`email`,`notelp`,`alamat`,`email_verified_at`,`password`,`role`,`remember_token`,`created_at`,`updated_at`) values 
(1,'Guru User','guru123','guru@example.com',NULL,NULL,NULL,'$2y$12$9perIuEgdLzHVnrtKcseweoZuuK352S4D.8x1.C6R11eMswpPWk.2','orangtua',NULL,'2025-05-25 04:17:38','2025-05-25 04:17:38'),
(2,'Orangtua User','ortu123','orangtua@example.com',NULL,NULL,NULL,'$2y$12$3DUPZBtP/OdexR8UacULEuJDI14WxUPZ6KnmeXGWYduQjBOeyrKta','orangtua',NULL,'2025-05-25 04:17:38','2025-05-25 04:17:38'),
(3,'Guest User','guest123','guest@example.com',NULL,NULL,NULL,'$2y$12$PnTG0q/W4mh2LAP8d9ntC.7F3nysIxymWcf9u0Gi0ROX5V9LoNzH6','orangtua',NULL,'2025-05-25 04:17:39','2025-05-25 04:17:39'),
(4,'Rendi Sabilah','rendi-sabilah','rendi-sabilah@orangtua.com','087753836652','Ds.Karanganom Kec.Durenan Kab.Trenggalek',NULL,'$2y$12$oRWkmLC7vZ57FFz9Yjh7GOU38RUBbbryqN8CNdwjLzB38HTvveeT6','orangtua',NULL,'2025-05-25 04:28:36','2025-05-25 04:28:36'),
(5,'Siti Mulandari','siti-mulandari','siti-mulandari@orangtua.com','082265465454','Ds.Winosari,Kec Durenan Kab Trenggalek',NULL,'$2y$12$yzUx1L2iuqbas6GYMOUXD.TQSR9IDSXJUh3bjpT8RneK.bFaghtwK','orangtua',NULL,'2025-05-25 04:30:03','2025-05-25 04:30:03'),
(6,'Doni Supriawan','doni-supriawan','doni-supriawan@orangtua.com','087712123434','Kediri',NULL,'$2y$12$7LWAeNZA446zke/SfIX/0eZAj3SYZpHMmgyXvjIizRgMgmdw/QvbS','orangtua',NULL,'2025-05-26 05:16:58','2025-05-26 05:16:58');

/*!40101 SET SQL_MODE=@OLD_SQL_MODE */;
/*!40014 SET FOREIGN_KEY_CHECKS=@OLD_FOREIGN_KEY_CHECKS */;
/*!40014 SET UNIQUE_CHECKS=@OLD_UNIQUE_CHECKS */;
/*!40111 SET SQL_NOTES=@OLD_SQL_NOTES */;
